[{"model": "contenttypes.contenttype", "pk": 1, "fields": {"app_label": "admin", "model": "logentry"}}, {"model": "contenttypes.contenttype", "pk": 2, "fields": {"app_label": "auth", "model": "permission"}}, {"model": "contenttypes.contenttype", "pk": 3, "fields": {"app_label": "auth", "model": "group"}}, {"model": "contenttypes.contenttype", "pk": 4, "fields": {"app_label": "auth", "model": "user"}}, {"model": "contenttypes.contenttype", "pk": 5, "fields": {"app_label": "contenttypes", "model": "contenttype"}}, {"model": "contenttypes.contenttype", "pk": 6, "fields": {"app_label": "sessions", "model": "session"}}, {"model": "contenttypes.contenttype", "pk": 7, "fields": {"app_label": "orders", "model": "order"}}, {"model": "contenttypes.contenttype", "pk": 8, "fields": {"app_label": "orders", "model": "orderitem"}}, {"model": "contenttypes.contenttype", "pk": 9, "fields": {"app_label": "shop", "model": "category"}}, {"model": "contenttypes.contenttype", "pk": 10, "fields": {"app_label": "shop", "model": "product"}}, {"model": "contenttypes.contenttype", "pk": 11, "fields": {"app_label": "django_celery_results", "model": "taskresult"}}, {"model": "sessions.session", "pk": "00xatk7k8chrjx64gxyo6j7hcxvpt5rb", "fields": {"session_data": "ZWMzZjY2MzhjOWJmYWQ2ZTc4ZmE4NWE1ZGViZWEyNGZjYjc4MmNlMTp7ImNhcnQiOnt9fQ==", "expire_date": "2019-12-20T19:32:31.772Z"}}, {"model": "sessions.session", "pk": "02kgb7vpj6lurvquahx7zwf6kglnwbg0", "fields": {"session_data": "ZWMzZjY2MzhjOWJmYWQ2ZTc4ZmE4NWE1ZGViZWEyNGZjYjc4MmNlMTp7ImNhcnQiOnt9fQ==", "expire_date": "2019-12-20T19:03:54.485Z"}}, {"model": "sessions.session", "pk": "0bv8nk1ppd7evcpgfzxa0tunp0zba4sj", "fields": {"session_data": "ZWMzZjY2MzhjOWJmYWQ2ZTc4ZmE4NWE1ZGViZWEyNGZjYjc4MmNlMTp7ImNhcnQiOnt9fQ==", "expire_date": "2019-12-20T19:31:40.306Z"}}, {"model": "sessions.session", "pk": "0ichcsnw1pe2y4c7e2akrwncdfdsyugo", "fields": {"session_data": "ZWMzZjY2MzhjOWJmYWQ2ZTc4ZmE4NWE1ZGViZWEyNGZjYjc4MmNlMTp7ImNhcnQiOnt9fQ==", "expire_date": "2019-12-20T19:21:58.515Z"}}, {"model": "sessions.session", "pk": "0rnrwkcdusw5e6jry5lqaf37g9qpc1x9", "fields": {"session_data": "ZWMzZjY2MzhjOWJmYWQ2ZTc4ZmE4NWE1ZGViZWEyNGZjYjc4MmNlMTp7ImNhcnQiOnt9fQ==", "expire_date": "2019-12-20T18:58:53.759Z"}}, {"model": "sessions.session", "pk": "11u1pw3t3cwtp2eyaljhe2qx2raitutt", "fields": {"session_data": "ZWMzZjY2MzhjOWJmYWQ2ZTc4ZmE4NWE1ZGViZWEyNGZjYjc4MmNlMTp7ImNhcnQiOnt9fQ==", "expire_date": "2019-12-20T19:27:33.257Z"}}, {"model": "sessions.session", "pk": "1654lr3uql2yqa8jpix3yg7idb1s3363", "fields": {"session_data": "ZWMzZjY2MzhjOWJmYWQ2ZTc4ZmE4NWE1ZGViZWEyNGZjYjc4MmNlMTp7ImNhcnQiOnt9fQ==", "expire_date": "2019-12-20T19:32:30.110Z"}}, {"model": "sessions.session", "pk": "17om8hq81cq3g2ly494styselkv5jfc3", "fields": {"session_data": "ZWMzZjY2MzhjOWJmYWQ2ZTc4ZmE4NWE1ZGViZWEyNGZjYjc4MmNlMTp7ImNhcnQiOnt9fQ==", "expire_date": "2019-12-20T19:22:29.176Z"}}, {"model": "sessions.session", "pk": "1fnrepkh0arjydq43b09b9iygl4mjvho", "fields": {"session_data": "ZWMzZjY2MzhjOWJmYWQ2ZTc4ZmE4NWE1ZGViZWEyNGZjYjc4MmNlMTp7ImNhcnQiOnt9fQ==", "expire_date": "2019-12-20T19:32:31.502Z"}}, {"model": "sessions.session", "pk": "1sdjnaudssfjat0dr5ol13bdfjqvq870", "fields": {"session_data": "ZWMzZjY2MzhjOWJmYWQ2ZTc4ZmE4NWE1ZGViZWEyNGZjYjc4MmNlMTp7ImNhcnQiOnt9fQ==", "expire_date": "2019-12-20T19:32:31.736Z"}}, {"model": "sessions.session", "pk": "1tnwpv24dp15ubw220cphf3h3r5ioja9", "fields": {"session_data": "ZWMzZjY2MzhjOWJmYWQ2ZTc4ZmE4NWE1ZGViZWEyNGZjYjc4MmNlMTp7ImNhcnQiOnt9fQ==", "expire_date": "2019-12-20T18:57:41.982Z"}}, {"model": "sessions.session", "pk": "1v1pcr8rh752nh265ww1zy8ofovj7fd5", "fields": {"session_data": "ZWMzZjY2MzhjOWJmYWQ2ZTc4ZmE4NWE1ZGViZWEyNGZjYjc4MmNlMTp7ImNhcnQiOnt9fQ==", "expire_date": "2019-12-20T19:21:40.397Z"}}, {"model": "sessions.session", "pk": "24xq98dkmy8f1px6eszit61t2nh8qmrl", "fields": {"session_data": "ZWMzZjY2MzhjOWJmYWQ2ZTc4ZmE4NWE1ZGViZWEyNGZjYjc4MmNlMTp7ImNhcnQiOnt9fQ==", "expire_date": "2019-12-20T19:21:56.264Z"}}, {"model": "sessions.session", "pk": "275bmzt6ar8dewthv08m6zp8n4vkqpdk", "fields": {"session_data": "ZWMzZjY2MzhjOWJmYWQ2ZTc4ZmE4NWE1ZGViZWEyNGZjYjc4MmNlMTp7ImNhcnQiOnt9fQ==", "expire_date": "2019-12-20T19:27:35.148Z"}}, {"model": "sessions.session", "pk": "2bg01nfleidl0p4kecv5zvhp4geb95e5", "fields": {"session_data": "ZWMzZjY2MzhjOWJmYWQ2ZTc4ZmE4NWE1ZGViZWEyNGZjYjc4MmNlMTp7ImNhcnQiOnt9fQ==", "expire_date": "2019-12-20T19:27:34.854Z"}}, {"model": "sessions.session", "pk": "2kgx5fvdqxgv1r1gbsm1iixvfvqmn641", "fields": {"session_data": "ZWMzZjY2MzhjOWJmYWQ2ZTc4ZmE4NWE1ZGViZWEyNGZjYjc4MmNlMTp7ImNhcnQiOnt9fQ==", "expire_date": "2019-12-20T19:21:56.825Z"}}, {"model": "sessions.session", "pk": "2n4qzquvblsj5dh5qmg6mdzvldni3t4s", "fields": {"session_data": "ZWMzZjY2MzhjOWJmYWQ2ZTc4ZmE4NWE1ZGViZWEyNGZjYjc4MmNlMTp7ImNhcnQiOnt9fQ==", "expire_date": "2019-12-20T18:57:37.355Z"}}, {"model": "sessions.session", "pk": "2oc25pyku4ifunlf5m9sbyd30y1c3tgx", "fields": {"session_data": "ZWMzZjY2MzhjOWJmYWQ2ZTc4ZmE4NWE1ZGViZWEyNGZjYjc4MmNlMTp7ImNhcnQiOnt9fQ==", "expire_date": "2019-12-20T19:27:31.133Z"}}, {"model": "sessions.session", "pk": "2sjl9jurqn3m6a0qwko98igpaj8g0gvs", "fields": {"session_data": "ZWMzZjY2MzhjOWJmYWQ2ZTc4ZmE4NWE1ZGViZWEyNGZjYjc4MmNlMTp7ImNhcnQiOnt9fQ==", "expire_date": "2019-12-20T19:31:39.947Z"}}, {"model": "sessions.session", "pk": "2trj7le8iunmak2oexwwwakefd6arz2o", "fields": {"session_data": "ZWMzZjY2MzhjOWJmYWQ2ZTc4ZmE4NWE1ZGViZWEyNGZjYjc4MmNlMTp7ImNhcnQiOnt9fQ==", "expire_date": "2019-12-20T19:21:34.303Z"}}, {"model": "sessions.session", "pk": "2vffphcbabf2lainzuos2dyvr8j4bbqz", "fields": {"session_data": "ZWMzZjY2MzhjOWJmYWQ2ZTc4ZmE4NWE1ZGViZWEyNGZjYjc4MmNlMTp7ImNhcnQiOnt9fQ==", "expire_date": "2019-12-20T18:58:54.094Z"}}, {"model": "sessions.session", "pk": "2zddzhl58gwbyxrs2advphjxly2uhpox", "fields": {"session_data": "ZWMzZjY2MzhjOWJmYWQ2ZTc4ZmE4NWE1ZGViZWEyNGZjYjc4MmNlMTp7ImNhcnQiOnt9fQ==", "expire_date": "2019-12-20T19:21:40.074Z"}}, {"model": "sessions.session", "pk": "35dl4gbazc14ocebm873vf8crfp9x58z", "fields": {"session_data": "ZWMzZjY2MzhjOWJmYWQ2ZTc4ZmE4NWE1ZGViZWEyNGZjYjc4MmNlMTp7ImNhcnQiOnt9fQ==", "expire_date": "2019-12-20T18:46:03.592Z"}}, {"model": "sessions.session", "pk": "3bcjjmi7rp821y776ekkzga1ty3ui28g", "fields": {"session_data": "ZWMzZjY2MzhjOWJmYWQ2ZTc4ZmE4NWE1ZGViZWEyNGZjYjc4MmNlMTp7ImNhcnQiOnt9fQ==", "expire_date": "2019-12-20T19:22:29.428Z"}}, {"model": "sessions.session", "pk": "3dq2xojx3ski5mitaief64m858g73fb3", "fields": {"session_data": "ZWMzZjY2MzhjOWJmYWQ2ZTc4ZmE4NWE1ZGViZWEyNGZjYjc4MmNlMTp7ImNhcnQiOnt9fQ==", "expire_date": "2019-12-20T19:21:56.314Z"}}, {"model": "sessions.session", "pk": "3gii5v4ve1v78p1pkd0y7dhv4v75km8n", "fields": {"session_data": "ZWMzZjY2MzhjOWJmYWQ2ZTc4ZmE4NWE1ZGViZWEyNGZjYjc4MmNlMTp7ImNhcnQiOnt9fQ==", "expire_date": "2019-12-20T21:00:08.596Z"}}, {"model": "sessions.session", "pk": "3ml59023qv2ej8sl73360m4xu1s094gc", "fields": {"session_data": "ZWMzZjY2MzhjOWJmYWQ2ZTc4ZmE4NWE1ZGViZWEyNGZjYjc4MmNlMTp7ImNhcnQiOnt9fQ==", "expire_date": "2019-12-20T19:31:38.764Z"}}, {"model": "sessions.session", "pk": "3sfg2xcsgq5qj6zx1dlwj386x8ifepzd", "fields": {"session_data": "ZWMzZjY2MzhjOWJmYWQ2ZTc4ZmE4NWE1ZGViZWEyNGZjYjc4MmNlMTp7ImNhcnQiOnt9fQ==", "expire_date": "2019-12-20T19:31:40.243Z"}}, {"model": "sessions.session", "pk": "3tfjbnud2ay1bvsmgkuvync41krkdsf4", "fields": {"session_data": "ZWMzZjY2MzhjOWJmYWQ2ZTc4ZmE4NWE1ZGViZWEyNGZjYjc4MmNlMTp7ImNhcnQiOnt9fQ==", "expire_date": "2019-12-20T19:29:09.450Z"}}, {"model": "sessions.session", "pk": "4hhu995y7kisrhbimapp76ukrttuzayr", "fields": {"session_data": "ZWMzZjY2MzhjOWJmYWQ2ZTc4ZmE4NWE1ZGViZWEyNGZjYjc4MmNlMTp7ImNhcnQiOnt9fQ==", "expire_date": "2019-12-20T19:27:32.353Z"}}, {"model": "sessions.session", "pk": "4ku931knmifm3b4qdfp9ovdc8jfbryjr", "fields": {"session_data": "ZWMzZjY2MzhjOWJmYWQ2ZTc4ZmE4NWE1ZGViZWEyNGZjYjc4MmNlMTp7ImNhcnQiOnt9fQ==", "expire_date": "2019-12-20T19:31:41.196Z"}}, {"model": "sessions.session", "pk": "4nt33r580kfog3tw0p1uvqxv0bpam6du", "fields": {"session_data": "ZWMzZjY2MzhjOWJmYWQ2ZTc4ZmE4NWE1ZGViZWEyNGZjYjc4MmNlMTp7ImNhcnQiOnt9fQ==", "expire_date": "2019-12-20T19:22:28.140Z"}}, {"model": "sessions.session", "pk": "4pxhraqgzh77yvwc6oqjnii52chty5d2", "fields": {"session_data": "ZWMzZjY2MzhjOWJmYWQ2ZTc4ZmE4NWE1ZGViZWEyNGZjYjc4MmNlMTp7ImNhcnQiOnt9fQ==", "expire_date": "2019-12-20T18:58:54.644Z"}}, {"model": "sessions.session", "pk": "5ggx6s5f1fpr8n373l5t9464klgrkyas", "fields": {"session_data": "ZWMzZjY2MzhjOWJmYWQ2ZTc4ZmE4NWE1ZGViZWEyNGZjYjc4MmNlMTp7ImNhcnQiOnt9fQ==", "expire_date": "2019-12-20T19:27:32.093Z"}}, {"model": "sessions.session", "pk": "5ljzxutmvtkved8ef3zdjybvql9vawj0", "fields": {"session_data": "ZWMzZjY2MzhjOWJmYWQ2ZTc4ZmE4NWE1ZGViZWEyNGZjYjc4MmNlMTp7ImNhcnQiOnt9fQ==", "expire_date": "2019-12-20T19:27:34.837Z"}}, {"model": "sessions.session", "pk": "5ppvajf4bpbhebd7rtf0lxtktvfkv8xy", "fields": {"session_data": "ZWMzZjY2MzhjOWJmYWQ2ZTc4ZmE4NWE1ZGViZWEyNGZjYjc4MmNlMTp7ImNhcnQiOnt9fQ==", "expire_date": "2019-12-20T19:31:40.221Z"}}, {"model": "sessions.session", "pk": "5qdsqjm1fjcwcsdk9xjv401q0z3zkv65", "fields": {"session_data": "ZWMzZjY2MzhjOWJmYWQ2ZTc4ZmE4NWE1ZGViZWEyNGZjYjc4MmNlMTp7ImNhcnQiOnt9fQ==", "expire_date": "2019-12-20T18:57:37.946Z"}}, {"model": "sessions.session", "pk": "60wtqaugbdpvxca784fns1rplwh1xxgm", "fields": {"session_data": "ZWMzZjY2MzhjOWJmYWQ2ZTc4ZmE4NWE1ZGViZWEyNGZjYjc4MmNlMTp7ImNhcnQiOnt9fQ==", "expire_date": "2019-12-20T18:46:05.372Z"}}, {"model": "sessions.session", "pk": "61c0nd04bq2ubjltjw45bhrkif56q5qx", "fields": {"session_data": "ZWMzZjY2MzhjOWJmYWQ2ZTc4ZmE4NWE1ZGViZWEyNGZjYjc4MmNlMTp7ImNhcnQiOnt9fQ==", "expire_date": "2019-12-20T18:57:36.486Z"}}, {"model": "sessions.session", "pk": "63tfce7qukavv91my2tcpguit8bysd5p", "fields": {"session_data": "ZWMzZjY2MzhjOWJmYWQ2ZTc4ZmE4NWE1ZGViZWEyNGZjYjc4MmNlMTp7ImNhcnQiOnt9fQ==", "expire_date": "2019-12-20T19:21:54.080Z"}}, {"model": "sessions.session", "pk": "652eoa9km0meby6gv11oujb6e9flemza", "fields": {"session_data": "ZWMzZjY2MzhjOWJmYWQ2ZTc4ZmE4NWE1ZGViZWEyNGZjYjc4MmNlMTp7ImNhcnQiOnt9fQ==", "expire_date": "2019-12-20T19:21:57.079Z"}}, {"model": "sessions.session", "pk": "6nlsm0oham5gici8d6ib9mi5losufo2y", "fields": {"session_data": "ZWMzZjY2MzhjOWJmYWQ2ZTc4ZmE4NWE1ZGViZWEyNGZjYjc4MmNlMTp7ImNhcnQiOnt9fQ==", "expire_date": "2019-12-20T19:31:39.642Z"}}, {"model": "sessions.session", "pk": "79s4u0yvfm4i53x37ytojjr7xeu8coxd", "fields": {"session_data": "ZWMzZjY2MzhjOWJmYWQ2ZTc4ZmE4NWE1ZGViZWEyNGZjYjc4MmNlMTp7ImNhcnQiOnt9fQ==", "expire_date": "2019-12-20T19:21:56.273Z"}}, {"model": "sessions.session", "pk": "7bz8ajc2rhxpd6kowuwj8p36o7uop5rj", "fields": {"session_data": "ZWMzZjY2MzhjOWJmYWQ2ZTc4ZmE4NWE1ZGViZWEyNGZjYjc4MmNlMTp7ImNhcnQiOnt9fQ==", "expire_date": "2019-12-20T19:22:28.934Z"}}, {"model": "sessions.session", "pk": "7ctfbmyu500jmuhblknk9kwy5r64p7ix", "fields": {"session_data": "ZWMzZjY2MzhjOWJmYWQ2ZTc4ZmE4NWE1ZGViZWEyNGZjYjc4MmNlMTp7ImNhcnQiOnt9fQ==", "expire_date": "2019-12-20T19:32:32.236Z"}}, {"model": "sessions.session", "pk": "7d8pmn749xkkc0s946fdg6j9wync2ngb", "fields": {"session_data": "ZWMzZjY2MzhjOWJmYWQ2ZTc4ZmE4NWE1ZGViZWEyNGZjYjc4MmNlMTp7ImNhcnQiOnt9fQ==", "expire_date": "2019-12-20T19:27:35.110Z"}}, {"model": "sessions.session", "pk": "7gkakmqtfak2gqzufch3zhwpz9ks09nr", "fields": {"session_data": "ZWMzZjY2MzhjOWJmYWQ2ZTc4ZmE4NWE1ZGViZWEyNGZjYjc4MmNlMTp7ImNhcnQiOnt9fQ==", "expire_date": "2019-12-20T18:58:54.189Z"}}, {"model": "sessions.session", "pk": "7hp3apervf3l5qeewdh2z9flag0jb0o8", "fields": {"session_data": "ZWMzZjY2MzhjOWJmYWQ2ZTc4ZmE4NWE1ZGViZWEyNGZjYjc4MmNlMTp7ImNhcnQiOnt9fQ==", "expire_date": "2019-12-20T19:32:31.751Z"}}, {"model": "sessions.session", "pk": "7s5aoaz6qo5d2m5pon0top52c801c9nf", "fields": {"session_data": "ZWMzZjY2MzhjOWJmYWQ2ZTc4ZmE4NWE1ZGViZWEyNGZjYjc4MmNlMTp7ImNhcnQiOnt9fQ==", "expire_date": "2019-12-20T19:32:30.239Z"}}, {"model": "sessions.session", "pk": "7t2geoxk3sawbqsgevwdcfbjj5l5uvdb", "fields": {"session_data": "ZWMzZjY2MzhjOWJmYWQ2ZTc4ZmE4NWE1ZGViZWEyNGZjYjc4MmNlMTp7ImNhcnQiOnt9fQ==", "expire_date": "2019-12-20T18:57:38.220Z"}}, {"model": "sessions.session", "pk": "7v06673kbszy1jt1aelpkh51yy0losr8", "fields": {"session_data": "ZWMzZjY2MzhjOWJmYWQ2ZTc4ZmE4NWE1ZGViZWEyNGZjYjc4MmNlMTp7ImNhcnQiOnt9fQ==", "expire_date": "2019-12-20T18:57:38.208Z"}}, {"model": "sessions.session", "pk": "81hwqn8v447yqy7m7yqv7z8ep0umsuu2", "fields": {"session_data": "ZWMzZjY2MzhjOWJmYWQ2ZTc4ZmE4NWE1ZGViZWEyNGZjYjc4MmNlMTp7ImNhcnQiOnt9fQ==", "expire_date": "2019-12-20T19:21:34.861Z"}}, {"model": "sessions.session", "pk": "881ikkg1lr5s1j3d26cskb5ggtxek275", "fields": {"session_data": "ZWMzZjY2MzhjOWJmYWQ2ZTc4ZmE4NWE1ZGViZWEyNGZjYjc4MmNlMTp7ImNhcnQiOnt9fQ==", "expire_date": "2019-12-20T19:21:56.785Z"}}, {"model": "sessions.session", "pk": "8bwxazsqj8p4p67bb6hlxsa9lvihsmgr", "fields": {"session_data": "ZWMzZjY2MzhjOWJmYWQ2ZTc4ZmE4NWE1ZGViZWEyNGZjYjc4MmNlMTp7ImNhcnQiOnt9fQ==", "expire_date": "2019-12-20T19:29:09.430Z"}}, {"model": "sessions.session", "pk": "8e1onzvlri89te4y87pjbagp75jfo6vl", "fields": {"session_data": "ZWMzZjY2MzhjOWJmYWQ2ZTc4ZmE4NWE1ZGViZWEyNGZjYjc4MmNlMTp7ImNhcnQiOnt9fQ==", "expire_date": "2019-12-20T19:29:08.865Z"}}, {"model": "sessions.session", "pk": "8idhkqtv0022vm3yd850nnlt5kflph2f", "fields": {"session_data": "ZWMzZjY2MzhjOWJmYWQ2ZTc4ZmE4NWE1ZGViZWEyNGZjYjc4MmNlMTp7ImNhcnQiOnt9fQ==", "expire_date": "2019-12-20T19:22:29.121Z"}}, {"model": "sessions.session", "pk": "8l19rxgfr4yl309x0ywqk2rhgsie1jti", "fields": {"session_data": "ZWMzZjY2MzhjOWJmYWQ2ZTc4ZmE4NWE1ZGViZWEyNGZjYjc4MmNlMTp7ImNhcnQiOnt9fQ==", "expire_date": "2019-12-20T19:29:08.901Z"}}, {"model": "sessions.session", "pk": "8owvdtcs1wt5oasgu21yj0v4b6te3aqf", "fields": {"session_data": "ZWMzZjY2MzhjOWJmYWQ2ZTc4ZmE4NWE1ZGViZWEyNGZjYjc4MmNlMTp7ImNhcnQiOnt9fQ==", "expire_date": "2019-12-20T19:32:32.281Z"}}, {"model": "sessions.session", "pk": "8qynp27rt7qq8g8yyeht45yz3qqhlu93", "fields": {"session_data": "ZWMzZjY2MzhjOWJmYWQ2ZTc4ZmE4NWE1ZGViZWEyNGZjYjc4MmNlMTp7ImNhcnQiOnt9fQ==", "expire_date": "2019-12-20T18:57:41.018Z"}}, {"model": "sessions.session", "pk": "90szr3tp66pu2qt0i2ot6boeyv7cjkoh", "fields": {"session_data": "ZWMzZjY2MzhjOWJmYWQ2ZTc4ZmE4NWE1ZGViZWEyNGZjYjc4MmNlMTp7ImNhcnQiOnt9fQ==", "expire_date": "2019-12-20T19:27:34.808Z"}}, {"model": "sessions.session", "pk": "917awa6wpipuy6zp29s1xqes4ye7kl8n", "fields": {"session_data": "YzgwMjE5ODVhMDM1YmMyNTI2ZjJmNTM4ZTRlYTQ5ODBhNmE3NjdlMjp7Il9hdXRoX3VzZXJfaWQiOiIxIiwiX2F1dGhfdXNlcl9iYWNrZW5kIjoiZGphbmdvLmNvbnRyaWIuYXV0aC5iYWNrZW5kcy5Nb2RlbEJhY2tlbmQiLCJfYXV0aF91c2VyX2hhc2giOiIxZmVlN2I4OWQyYTE1OWU1Mjc0ZWMxNjE5NjdhM2U4NWQxMjg1MmUwIiwiY2FydCI6e319", "expire_date": "2020-01-02T15:34:51.480Z"}}, {"model": "sessions.session", "pk": "93rgstv4t2yyf6gi71sfpur43c05yq6t", "fields": {"session_data": "ZWMzZjY2MzhjOWJmYWQ2ZTc4ZmE4NWE1ZGViZWEyNGZjYjc4MmNlMTp7ImNhcnQiOnt9fQ==", "expire_date": "2019-12-20T19:21:41.349Z"}}, {"model": "sessions.session", "pk": "97fvv5fdp6vv6ys91uryat7tl4pq7vfd", "fields": {"session_data": "ZWMzZjY2MzhjOWJmYWQ2ZTc4ZmE4NWE1ZGViZWEyNGZjYjc4MmNlMTp7ImNhcnQiOnt9fQ==", "expire_date": "2019-12-20T19:29:08.312Z"}}, {"model": "sessions.session", "pk": "97ps1p55jti9lvlpgn42zzc05y049hpw", "fields": {"session_data": "ZWMzZjY2MzhjOWJmYWQ2ZTc4ZmE4NWE1ZGViZWEyNGZjYjc4MmNlMTp7ImNhcnQiOnt9fQ==", "expire_date": "2019-12-20T19:31:38.711Z"}}, {"model": "sessions.session", "pk": "97tgev07uyvqoqq5zbqo2dfypqzulrxq", "fields": {"session_data": "ZWMzZjY2MzhjOWJmYWQ2ZTc4ZmE4NWE1ZGViZWEyNGZjYjc4MmNlMTp7ImNhcnQiOnt9fQ==", "expire_date": "2019-12-20T19:22:28.683Z"}}, {"model": "sessions.session", "pk": "9dyokx1ce9nn2p66u0p3hx91eqfnuxlc", "fields": {"session_data": "ZWMzZjY2MzhjOWJmYWQ2ZTc4ZmE4NWE1ZGViZWEyNGZjYjc4MmNlMTp7ImNhcnQiOnt9fQ==", "expire_date": "2019-12-20T19:21:58.515Z"}}, {"model": "sessions.session", "pk": "9lxkmcj7tbpdtc6r59wx99uoenkhficz", "fields": {"session_data": "ZWMzZjY2MzhjOWJmYWQ2ZTc4ZmE4NWE1ZGViZWEyNGZjYjc4MmNlMTp7ImNhcnQiOnt9fQ==", "expire_date": "2019-12-20T18:57:36.939Z"}}, {"model": "sessions.session", "pk": "9mbibkakftqh2rt8ae7nzmpwx66duy8p", "fields": {"session_data": "ZWMzZjY2MzhjOWJmYWQ2ZTc4ZmE4NWE1ZGViZWEyNGZjYjc4MmNlMTp7ImNhcnQiOnt9fQ==", "expire_date": "2019-12-20T19:22:27.561Z"}}, {"model": "sessions.session", "pk": "9mubyvfr2tl6t0z4g024wmp23mtjc6bq", "fields": {"session_data": "ZWMzZjY2MzhjOWJmYWQ2ZTc4ZmE4NWE1ZGViZWEyNGZjYjc4MmNlMTp7ImNhcnQiOnt9fQ==", "expire_date": "2019-12-20T19:21:57.137Z"}}, {"model": "sessions.session", "pk": "9re8uaet0u60k0mbrm5po7v65q8ljx4p", "fields": {"session_data": "ZWMzZjY2MzhjOWJmYWQ2ZTc4ZmE4NWE1ZGViZWEyNGZjYjc4MmNlMTp7ImNhcnQiOnt9fQ==", "expire_date": "2019-12-20T19:21:58.510Z"}}, {"model": "sessions.session", "pk": "a1hd72clwvqqu1x67549idu172gve9jg", "fields": {"session_data": "ZWMzZjY2MzhjOWJmYWQ2ZTc4ZmE4NWE1ZGViZWEyNGZjYjc4MmNlMTp7ImNhcnQiOnt9fQ==", "expire_date": "2019-12-20T18:57:43.418Z"}}, {"model": "sessions.session", "pk": "a24z9a0l7fil488ghz9s1tfoq9evaokl", "fields": {"session_data": "ZWMzZjY2MzhjOWJmYWQ2ZTc4ZmE4NWE1ZGViZWEyNGZjYjc4MmNlMTp7ImNhcnQiOnt9fQ==", "expire_date": "2019-12-20T19:22:28.805Z"}}, {"model": "sessions.session", "pk": "a33l5bs5pn0cu8wx8ywc0p9c5mihxij3", "fields": {"session_data": "ZWMzZjY2MzhjOWJmYWQ2ZTc4ZmE4NWE1ZGViZWEyNGZjYjc4MmNlMTp7ImNhcnQiOnt9fQ==", "expire_date": "2019-12-20T19:27:34.998Z"}}, {"model": "sessions.session", "pk": "a3asafehxkldedhucczpbhedlib33aoa", "fields": {"session_data": "ZWMzZjY2MzhjOWJmYWQ2ZTc4ZmE4NWE1ZGViZWEyNGZjYjc4MmNlMTp7ImNhcnQiOnt9fQ==", "expire_date": "2019-12-20T19:21:51.347Z"}}, {"model": "sessions.session", "pk": "aayywud2kwox0n6qe2k3iycdb3i9jrya", "fields": {"session_data": "ZWMzZjY2MzhjOWJmYWQ2ZTc4ZmE4NWE1ZGViZWEyNGZjYjc4MmNlMTp7ImNhcnQiOnt9fQ==", "expire_date": "2019-12-20T19:27:35.105Z"}}, {"model": "sessions.session", "pk": "agkrxkou5vkkdod1qrmbxvlyjyf0qfsp", "fields": {"session_data": "ZWMzZjY2MzhjOWJmYWQ2ZTc4ZmE4NWE1ZGViZWEyNGZjYjc4MmNlMTp7ImNhcnQiOnt9fQ==", "expire_date": "2019-12-20T18:57:41.885Z"}}, {"model": "sessions.session", "pk": "aomr9euwgdjg3rp0tsa2yefxdd8r32je", "fields": {"session_data": "ZWMzZjY2MzhjOWJmYWQ2ZTc4ZmE4NWE1ZGViZWEyNGZjYjc4MmNlMTp7ImNhcnQiOnt9fQ==", "expire_date": "2019-12-20T19:21:57.120Z"}}, {"model": "sessions.session", "pk": "avmakkn72xgsnngp06rl9azgwhty59dc", "fields": {"session_data": "ZWMzZjY2MzhjOWJmYWQ2ZTc4ZmE4NWE1ZGViZWEyNGZjYjc4MmNlMTp7ImNhcnQiOnt9fQ==", "expire_date": "2019-12-20T18:57:37.454Z"}}, {"model": "sessions.session", "pk": "awhkfzamw3kz4kji92jrehr6wkzjbg56", "fields": {"session_data": "ZWMzZjY2MzhjOWJmYWQ2ZTc4ZmE4NWE1ZGViZWEyNGZjYjc4MmNlMTp7ImNhcnQiOnt9fQ==", "expire_date": "2019-12-20T19:27:31.949Z"}}, {"model": "sessions.session", "pk": "bn5kb1lzvl3ibjn0vucsj19phzcbbwht", "fields": {"session_data": "ZWMzZjY2MzhjOWJmYWQ2ZTc4ZmE4NWE1ZGViZWEyNGZjYjc4MmNlMTp7ImNhcnQiOnt9fQ==", "expire_date": "2019-12-20T19:27:32.354Z"}}, {"model": "sessions.session", "pk": "bng9r5c5kqm0dv7uoaj0paw1wtv730wi", "fields": {"session_data": "ZWMzZjY2MzhjOWJmYWQ2ZTc4ZmE4NWE1ZGViZWEyNGZjYjc4MmNlMTp7ImNhcnQiOnt9fQ==", "expire_date": "2019-12-20T18:57:38.151Z"}}, {"model": "sessions.session", "pk": "brq6yckubijapvkvzzw68sge4f8paj18", "fields": {"session_data": "ZWMzZjY2MzhjOWJmYWQ2ZTc4ZmE4NWE1ZGViZWEyNGZjYjc4MmNlMTp7ImNhcnQiOnt9fQ==", "expire_date": "2019-12-20T19:22:28.672Z"}}, {"model": "sessions.session", "pk": "cbr5ys9sfoyb2a8680bzl6mkubcjcgtc", "fields": {"session_data": "ZWMzZjY2MzhjOWJmYWQ2ZTc4ZmE4NWE1ZGViZWEyNGZjYjc4MmNlMTp7ImNhcnQiOnt9fQ==", "expire_date": "2019-12-20T19:22:28.909Z"}}, {"model": "sessions.session", "pk": "cm6tohbfxac2zv5v2v9boqz955bqc0bb", "fields": {"session_data": "ZWMzZjY2MzhjOWJmYWQ2ZTc4ZmE4NWE1ZGViZWEyNGZjYjc4MmNlMTp7ImNhcnQiOnt9fQ==", "expire_date": "2019-12-20T19:21:54.109Z"}}, {"model": "sessions.session", "pk": "cstpr38248imk2lnvk25ezzznd8ydv81", "fields": {"session_data": "ZWMzZjY2MzhjOWJmYWQ2ZTc4ZmE4NWE1ZGViZWEyNGZjYjc4MmNlMTp7ImNhcnQiOnt9fQ==", "expire_date": "2019-12-20T18:46:04.031Z"}}, {"model": "sessions.session", "pk": "df99a87e2gqm9u5y2tt1ualddpyyu85t", "fields": {"session_data": "ZWMzZjY2MzhjOWJmYWQ2ZTc4ZmE4NWE1ZGViZWEyNGZjYjc4MmNlMTp7ImNhcnQiOnt9fQ==", "expire_date": "2019-12-20T19:27:32.158Z"}}, {"model": "sessions.session", "pk": "dpxiyte4znvmcakcpxx842692gdxe9ir", "fields": {"session_data": "ZWMzZjY2MzhjOWJmYWQ2ZTc4ZmE4NWE1ZGViZWEyNGZjYjc4MmNlMTp7ImNhcnQiOnt9fQ==", "expire_date": "2019-12-20T19:21:35.035Z"}}, {"model": "sessions.session", "pk": "du0ovs0gjw2sl1b6m7yr9zl68qir3b5n", "fields": {"session_data": "ZWMzZjY2MzhjOWJmYWQ2ZTc4ZmE4NWE1ZGViZWEyNGZjYjc4MmNlMTp7ImNhcnQiOnt9fQ==", "expire_date": "2019-12-20T19:31:39.168Z"}}, {"model": "sessions.session", "pk": "du1bsjgvtuo5ketkmxn2q64j04b4qzdy", "fields": {"session_data": "ZWMzZjY2MzhjOWJmYWQ2ZTc4ZmE4NWE1ZGViZWEyNGZjYjc4MmNlMTp7ImNhcnQiOnt9fQ==", "expire_date": "2019-12-20T19:21:34.260Z"}}, {"model": "sessions.session", "pk": "dwkl6y5gqb3oqk5lzolnsecujz1k0o69", "fields": {"session_data": "ZWMzZjY2MzhjOWJmYWQ2ZTc4ZmE4NWE1ZGViZWEyNGZjYjc4MmNlMTp7ImNhcnQiOnt9fQ==", "expire_date": "2019-12-20T18:57:40.919Z"}}, {"model": "sessions.session", "pk": "e2avix80pboglcl04w4pry1nchw0noo0", "fields": {"session_data": "ZWMzZjY2MzhjOWJmYWQ2ZTc4ZmE4NWE1ZGViZWEyNGZjYjc4MmNlMTp7ImNhcnQiOnt9fQ==", "expire_date": "2019-12-20T18:57:38.497Z"}}, {"model": "sessions.session", "pk": "e4haub1xuicab542nmjcqp0gh3tke6i6", "fields": {"session_data": "ZWMzZjY2MzhjOWJmYWQ2ZTc4ZmE4NWE1ZGViZWEyNGZjYjc4MmNlMTp7ImNhcnQiOnt9fQ==", "expire_date": "2019-12-20T18:46:04.035Z"}}, {"model": "sessions.session", "pk": "e560fxw5v179ycpbd3uhzpls5i3l63tv", "fields": {"session_data": "ZWMzZjY2MzhjOWJmYWQ2ZTc4ZmE4NWE1ZGViZWEyNGZjYjc4MmNlMTp7ImNhcnQiOnt9fQ==", "expire_date": "2019-12-20T19:21:56.802Z"}}, {"model": "sessions.session", "pk": "e6aeiuig3ti6ylwx4v13szq36okfklan", "fields": {"session_data": "ZWMzZjY2MzhjOWJmYWQ2ZTc4ZmE4NWE1ZGViZWEyNGZjYjc4MmNlMTp7ImNhcnQiOnt9fQ==", "expire_date": "2019-12-20T18:46:03.230Z"}}, {"model": "sessions.session", "pk": "eotrapkmlgqelzsph0kvfu0jet6er20f", "fields": {"session_data": "ZWMzZjY2MzhjOWJmYWQ2ZTc4ZmE4NWE1ZGViZWEyNGZjYjc4MmNlMTp7ImNhcnQiOnt9fQ==", "expire_date": "2019-12-20T19:22:28.348Z"}}, {"model": "sessions.session", "pk": "etozwk6bga4xs76uyguzaf24ozn3qwht", "fields": {"session_data": "ZWMzZjY2MzhjOWJmYWQ2ZTc4ZmE4NWE1ZGViZWEyNGZjYjc4MmNlMTp7ImNhcnQiOnt9fQ==", "expire_date": "2019-12-20T19:21:57.202Z"}}, {"model": "sessions.session", "pk": "f1snbeuo8o09d0xatukf5h9wxdyc1mo7", "fields": {"session_data": "ZWMzZjY2MzhjOWJmYWQ2ZTc4ZmE4NWE1ZGViZWEyNGZjYjc4MmNlMTp7ImNhcnQiOnt9fQ==", "expire_date": "2019-12-20T19:29:07.910Z"}}, {"model": "sessions.session", "pk": "f47gh8uj8i0jcic80lbltgpry6cz18ka", "fields": {"session_data": "ZWMzZjY2MzhjOWJmYWQ2ZTc4ZmE4NWE1ZGViZWEyNGZjYjc4MmNlMTp7ImNhcnQiOnt9fQ==", "expire_date": "2019-12-20T18:57:37.426Z"}}, {"model": "sessions.session", "pk": "fa1du8jryfmbici5m89xzgitr1ts22w6", "fields": {"session_data": "ZWMzZjY2MzhjOWJmYWQ2ZTc4ZmE4NWE1ZGViZWEyNGZjYjc4MmNlMTp7ImNhcnQiOnt9fQ==", "expire_date": "2019-12-31T16:58:18.024Z"}}, {"model": "sessions.session", "pk": "fb16x8z7zjic053r2ov1ob4rmbjb4lw3", "fields": {"session_data": "ZWMzZjY2MzhjOWJmYWQ2ZTc4ZmE4NWE1ZGViZWEyNGZjYjc4MmNlMTp7ImNhcnQiOnt9fQ==", "expire_date": "2019-12-20T19:27:32.332Z"}}, {"model": "sessions.session", "pk": "fftr9ybjxynu2aqrvbpk8n8eccdq3vm3", "fields": {"session_data": "ZWMzZjY2MzhjOWJmYWQ2ZTc4ZmE4NWE1ZGViZWEyNGZjYjc4MmNlMTp7ImNhcnQiOnt9fQ==", "expire_date": "2019-12-20T18:58:54.625Z"}}, {"model": "sessions.session", "pk": "fiwbb93qdnpdrvnbah2865ip85iojkhc", "fields": {"session_data": "ZWMzZjY2MzhjOWJmYWQ2ZTc4ZmE4NWE1ZGViZWEyNGZjYjc4MmNlMTp7ImNhcnQiOnt9fQ==", "expire_date": "2019-12-20T19:21:41.112Z"}}, {"model": "sessions.session", "pk": "fjpgsl77n1ux5bb4hbfpij7eq9woz6bb", "fields": {"session_data": "ZWMzZjY2MzhjOWJmYWQ2ZTc4ZmE4NWE1ZGViZWEyNGZjYjc4MmNlMTp7ImNhcnQiOnt9fQ==", "expire_date": "2019-12-20T18:46:05.370Z"}}, {"model": "sessions.session", "pk": "fvje16uzhf99bpgltcpq0qmun000mpmo", "fields": {"session_data": "ZWMzZjY2MzhjOWJmYWQ2ZTc4ZmE4NWE1ZGViZWEyNGZjYjc4MmNlMTp7ImNhcnQiOnt9fQ==", "expire_date": "2019-12-20T19:31:39.659Z"}}, {"model": "sessions.session", "pk": "fwt34m0k3g07knenuugnn8or9905pwzh", "fields": {"session_data": "ZWMzZjY2MzhjOWJmYWQ2ZTc4ZmE4NWE1ZGViZWEyNGZjYjc4MmNlMTp7ImNhcnQiOnt9fQ==", "expire_date": "2019-12-20T19:21:26.919Z"}}, {"model": "sessions.session", "pk": "fxwb6mj704k0qjf3yrlyopw3dzxy1php", "fields": {"session_data": "ZWMzZjY2MzhjOWJmYWQ2ZTc4ZmE4NWE1ZGViZWEyNGZjYjc4MmNlMTp7ImNhcnQiOnt9fQ==", "expire_date": "2019-12-20T18:58:53.578Z"}}, {"model": "sessions.session", "pk": "g4fzh789aomjf4b5k5omffkwdh4noigu", "fields": {"session_data": "ZWMzZjY2MzhjOWJmYWQ2ZTc4ZmE4NWE1ZGViZWEyNGZjYjc4MmNlMTp7ImNhcnQiOnt9fQ==", "expire_date": "2019-12-20T19:22:29.287Z"}}, {"model": "sessions.session", "pk": "g56hhr629pa5faos96jlhvfrkbzn6c80", "fields": {"session_data": "ZWMzZjY2MzhjOWJmYWQ2ZTc4ZmE4NWE1ZGViZWEyNGZjYjc4MmNlMTp7ImNhcnQiOnt9fQ==", "expire_date": "2019-12-20T19:27:33.256Z"}}, {"model": "sessions.session", "pk": "g5c2tdvq3bzj2eh7xhcicp2ddestwybe", "fields": {"session_data": "ZWMzZjY2MzhjOWJmYWQ2ZTc4ZmE4NWE1ZGViZWEyNGZjYjc4MmNlMTp7ImNhcnQiOnt9fQ==", "expire_date": "2019-12-20T19:31:40.219Z"}}, {"model": "sessions.session", "pk": "g7lzbiihjzrd1eg6xp3jc4zgqaeckghn", "fields": {"session_data": "ZWMzZjY2MzhjOWJmYWQ2ZTc4ZmE4NWE1ZGViZWEyNGZjYjc4MmNlMTp7ImNhcnQiOnt9fQ==", "expire_date": "2019-12-20T19:21:34.236Z"}}, {"model": "sessions.session", "pk": "gcwtcchqqkeav2txlokf9avska4r3h7q", "fields": {"session_data": "ZWMzZjY2MzhjOWJmYWQ2ZTc4ZmE4NWE1ZGViZWEyNGZjYjc4MmNlMTp7ImNhcnQiOnt9fQ==", "expire_date": "2019-12-20T19:31:39.254Z"}}, {"model": "sessions.session", "pk": "gpb4ywfgqe7vyajvloageeolr6ryqxli", "fields": {"session_data": "ZWMzZjY2MzhjOWJmYWQ2ZTc4ZmE4NWE1ZGViZWEyNGZjYjc4MmNlMTp7ImNhcnQiOnt9fQ==", "expire_date": "2019-12-20T19:22:28.657Z"}}, {"model": "sessions.session", "pk": "gsysbqltswv2uj7m9yucvh9mwxifmg3k", "fields": {"session_data": "ZWMzZjY2MzhjOWJmYWQ2ZTc4ZmE4NWE1ZGViZWEyNGZjYjc4MmNlMTp7ImNhcnQiOnt9fQ==", "expire_date": "2019-12-20T18:46:03.156Z"}}, {"model": "sessions.session", "pk": "hblhkrpvtyo5uuaxjlw9hegojz5s2dh6", "fields": {"session_data": "ZWMzZjY2MzhjOWJmYWQ2ZTc4ZmE4NWE1ZGViZWEyNGZjYjc4MmNlMTp7ImNhcnQiOnt9fQ==", "expire_date": "2019-12-20T19:21:44.604Z"}}, {"model": "sessions.session", "pk": "hho842sp1o7bz7tpws1slf7j4cd46qv3", "fields": {"session_data": "ZWMzZjY2MzhjOWJmYWQ2ZTc4ZmE4NWE1ZGViZWEyNGZjYjc4MmNlMTp7ImNhcnQiOnt9fQ==", "expire_date": "2019-12-20T18:58:54.065Z"}}, {"model": "sessions.session", "pk": "hmglvipm7hzqfu5gf0v6vzqorqiqwwck", "fields": {"session_data": "ZWMzZjY2MzhjOWJmYWQ2ZTc4ZmE4NWE1ZGViZWEyNGZjYjc4MmNlMTp7ImNhcnQiOnt9fQ==", "expire_date": "2019-12-20T19:21:50.926Z"}}, {"model": "sessions.session", "pk": "ho2p6c0nnc0rov4fk49tmjps2rb7v78l", "fields": {"session_data": "ZWMzZjY2MzhjOWJmYWQ2ZTc4ZmE4NWE1ZGViZWEyNGZjYjc4MmNlMTp7ImNhcnQiOnt9fQ==", "expire_date": "2019-12-20T19:31:39.997Z"}}, {"model": "sessions.session", "pk": "hpfvgv7epipprb0wicyz7l5sbxmh83sh", "fields": {"session_data": "ZWMzZjY2MzhjOWJmYWQ2ZTc4ZmE4NWE1ZGViZWEyNGZjYjc4MmNlMTp7ImNhcnQiOnt9fQ==", "expire_date": "2019-12-20T19:21:36.677Z"}}, {"model": "sessions.session", "pk": "htgl6yv5lyyvfl3y4c0ihsp262gs2nwx", "fields": {"session_data": "ZWMzZjY2MzhjOWJmYWQ2ZTc4ZmE4NWE1ZGViZWEyNGZjYjc4MmNlMTp7ImNhcnQiOnt9fQ==", "expire_date": "2019-12-20T19:21:40.933Z"}}, {"model": "sessions.session", "pk": "hvd127464zeevkrhh8hopqvnyx86wkoi", "fields": {"session_data": "ZWMzZjY2MzhjOWJmYWQ2ZTc4ZmE4NWE1ZGViZWEyNGZjYjc4MmNlMTp7ImNhcnQiOnt9fQ==", "expire_date": "2019-12-20T19:27:31.205Z"}}, {"model": "sessions.session", "pk": "i2kqh346hccklw1fje6uu4mnqj11zwwr", "fields": {"session_data": "ZWMzZjY2MzhjOWJmYWQ2ZTc4ZmE4NWE1ZGViZWEyNGZjYjc4MmNlMTp7ImNhcnQiOnt9fQ==", "expire_date": "2019-12-20T18:57:37.868Z"}}, {"model": "sessions.session", "pk": "i9hw5flj6ab2ly4lif6egzfuznsumc5e", "fields": {"session_data": "ZWMzZjY2MzhjOWJmYWQ2ZTc4ZmE4NWE1ZGViZWEyNGZjYjc4MmNlMTp7ImNhcnQiOnt9fQ==", "expire_date": "2019-12-20T19:22:28.346Z"}}, {"model": "sessions.session", "pk": "isd4eh9jdwebq8f14xlyz8mqdubti4w0", "fields": {"session_data": "ZWMzZjY2MzhjOWJmYWQ2ZTc4ZmE4NWE1ZGViZWEyNGZjYjc4MmNlMTp7ImNhcnQiOnt9fQ==", "expire_date": "2019-12-20T19:32:31.728Z"}}, {"model": "sessions.session", "pk": "j8h0lvw1eyhoi622220hzjyquvfh889z", "fields": {"session_data": "ZWMzZjY2MzhjOWJmYWQ2ZTc4ZmE4NWE1ZGViZWEyNGZjYjc4MmNlMTp7ImNhcnQiOnt9fQ==", "expire_date": "2019-12-20T19:31:40.222Z"}}, {"model": "sessions.session", "pk": "jh3ydtspmt7d4suxvokcokfd1l3m1tvg", "fields": {"session_data": "ZWMzZjY2MzhjOWJmYWQ2ZTc4ZmE4NWE1ZGViZWEyNGZjYjc4MmNlMTp7ImNhcnQiOnt9fQ==", "expire_date": "2019-12-20T18:46:05.102Z"}}, {"model": "sessions.session", "pk": "jicvf39waexpl5t54eoktgrbpysg2x2e", "fields": {"session_data": "ZWMzZjY2MzhjOWJmYWQ2ZTc4ZmE4NWE1ZGViZWEyNGZjYjc4MmNlMTp7ImNhcnQiOnt9fQ==", "expire_date": "2019-12-20T19:32:31.268Z"}}, {"model": "sessions.session", "pk": "jjnbmk3421hvjed2nc9ht8sf0ve7solz", "fields": {"session_data": "ZWMzZjY2MzhjOWJmYWQ2ZTc4ZmE4NWE1ZGViZWEyNGZjYjc4MmNlMTp7ImNhcnQiOnt9fQ==", "expire_date": "2019-12-20T19:21:54.005Z"}}, {"model": "sessions.session", "pk": "jsax0mw180337989bqkfo6qqi0fyfsq2", "fields": {"session_data": "ZWMzZjY2MzhjOWJmYWQ2ZTc4ZmE4NWE1ZGViZWEyNGZjYjc4MmNlMTp7ImNhcnQiOnt9fQ==", "expire_date": "2019-12-20T19:27:33.225Z"}}, {"model": "sessions.session", "pk": "jsglxbd1322nygawtmnnugu97v7hqt6i", "fields": {"session_data": "ZWMzZjY2MzhjOWJmYWQ2ZTc4ZmE4NWE1ZGViZWEyNGZjYjc4MmNlMTp7ImNhcnQiOnt9fQ==", "expire_date": "2019-12-20T19:31:39.919Z"}}, {"model": "sessions.session", "pk": "kgal6k7osyfiqu4p6e57zzgkya3p9kko", "fields": {"session_data": "ZWMzZjY2MzhjOWJmYWQ2ZTc4ZmE4NWE1ZGViZWEyNGZjYjc4MmNlMTp7ImNhcnQiOnt9fQ==", "expire_date": "2019-12-20T19:21:26.927Z"}}, {"model": "sessions.session", "pk": "kvutcoyy4r2jxahjiq0k2n5fy24umr78", "fields": {"session_data": "ZWMzZjY2MzhjOWJmYWQ2ZTc4ZmE4NWE1ZGViZWEyNGZjYjc4MmNlMTp7ImNhcnQiOnt9fQ==", "expire_date": "2019-12-20T19:21:47.956Z"}}, {"model": "sessions.session", "pk": "l20ob8p0ylysvk2ib4o3jj43scfdcewf", "fields": {"session_data": "ZWMzZjY2MzhjOWJmYWQ2ZTc4ZmE4NWE1ZGViZWEyNGZjYjc4MmNlMTp7ImNhcnQiOnt9fQ==", "expire_date": "2019-12-20T19:29:09.365Z"}}, {"model": "sessions.session", "pk": "l4c1v3nkszs5lp1s1dyjdm9o25a6eny1", "fields": {"session_data": "ZWMzZjY2MzhjOWJmYWQ2ZTc4ZmE4NWE1ZGViZWEyNGZjYjc4MmNlMTp7ImNhcnQiOnt9fQ==", "expire_date": "2019-12-20T19:29:09.167Z"}}, {"model": "sessions.session", "pk": "ligrrorm4yi9patr7anap0vl9897x8a6", "fields": {"session_data": "ZWMzZjY2MzhjOWJmYWQ2ZTc4ZmE4NWE1ZGViZWEyNGZjYjc4MmNlMTp7ImNhcnQiOnt9fQ==", "expire_date": "2019-12-20T19:21:58.382Z"}}, {"model": "sessions.session", "pk": "ljbss0lcl62nbcvmzj1mbf2uxfngtcdu", "fields": {"session_data": "ZWMzZjY2MzhjOWJmYWQ2ZTc4ZmE4NWE1ZGViZWEyNGZjYjc4MmNlMTp7ImNhcnQiOnt9fQ==", "expire_date": "2019-12-20T18:58:54.559Z"}}, {"model": "sessions.session", "pk": "lku8y1feeqg5ppd2dfezxmn3epy0sv1b", "fields": {"session_data": "ZWMzZjY2MzhjOWJmYWQ2ZTc4ZmE4NWE1ZGViZWEyNGZjYjc4MmNlMTp7ImNhcnQiOnt9fQ==", "expire_date": "2019-12-20T19:31:39.648Z"}}, {"model": "sessions.session", "pk": "lp4b77rozhg94b2vtrnsg1fahyt4b74j", "fields": {"session_data": "ZWMzZjY2MzhjOWJmYWQ2ZTc4ZmE4NWE1ZGViZWEyNGZjYjc4MmNlMTp7ImNhcnQiOnt9fQ==", "expire_date": "2019-12-20T18:58:55.050Z"}}, {"model": "sessions.session", "pk": "lsfenphwxc25gfrqwd323apizvyxkfni", "fields": {"session_data": "ZWMzZjY2MzhjOWJmYWQ2ZTc4ZmE4NWE1ZGViZWEyNGZjYjc4MmNlMTp7ImNhcnQiOnt9fQ==", "expire_date": "2019-12-20T19:32:30.775Z"}}, {"model": "sessions.session", "pk": "lv5qnhjoacy2nggrmumqyurzkjjp9mpo", "fields": {"session_data": "ZWMzZjY2MzhjOWJmYWQ2ZTc4ZmE4NWE1ZGViZWEyNGZjYjc4MmNlMTp7ImNhcnQiOnt9fQ==", "expire_date": "2019-12-20T19:31:39.647Z"}}, {"model": "sessions.session", "pk": "lw8urt8a7b6g2pc7wp89tauu94iw3mz4", "fields": {"session_data": "ZWMzZjY2MzhjOWJmYWQ2ZTc4ZmE4NWE1ZGViZWEyNGZjYjc4MmNlMTp7ImNhcnQiOnt9fQ==", "expire_date": "2019-12-20T19:27:31.226Z"}}, {"model": "sessions.session", "pk": "m5ud6tew8twzay5ts18vbjosb2cvhl90", "fields": {"session_data": "ZWMzZjY2MzhjOWJmYWQ2ZTc4ZmE4NWE1ZGViZWEyNGZjYjc4MmNlMTp7ImNhcnQiOnt9fQ==", "expire_date": "2019-12-20T19:31:39.343Z"}}, {"model": "sessions.session", "pk": "ma04cn0d5p98f2rp8mrfzus9wsegjqw7", "fields": {"session_data": "ZWMzZjY2MzhjOWJmYWQ2ZTc4ZmE4NWE1ZGViZWEyNGZjYjc4MmNlMTp7ImNhcnQiOnt9fQ==", "expire_date": "2019-12-20T18:58:54.632Z"}}, {"model": "sessions.session", "pk": "mdhg65v3hp0e6cgc7t8rxl4o7v5t3wtm", "fields": {"session_data": "ZWMzZjY2MzhjOWJmYWQ2ZTc4ZmE4NWE1ZGViZWEyNGZjYjc4MmNlMTp7ImNhcnQiOnt9fQ==", "expire_date": "2019-12-20T19:21:34.144Z"}}, {"model": "sessions.session", "pk": "mf8epfu748cvu5ta6wby6wn5ooxlot90", "fields": {"session_data": "ZWMzZjY2MzhjOWJmYWQ2ZTc4ZmE4NWE1ZGViZWEyNGZjYjc4MmNlMTp7ImNhcnQiOnt9fQ==", "expire_date": "2019-12-20T19:21:40.216Z"}}, {"model": "sessions.session", "pk": "msyugjkgm0oafqr4oezfiz23k0yxq680", "fields": {"session_data": "ZWMzZjY2MzhjOWJmYWQ2ZTc4ZmE4NWE1ZGViZWEyNGZjYjc4MmNlMTp7ImNhcnQiOnt9fQ==", "expire_date": "2019-12-20T19:22:28.004Z"}}, {"model": "sessions.session", "pk": "my2k52cmi71anfa1rse9ftewjpbf50nh", "fields": {"session_data": "ZWMzZjY2MzhjOWJmYWQ2ZTc4ZmE4NWE1ZGViZWEyNGZjYjc4MmNlMTp7ImNhcnQiOnt9fQ==", "expire_date": "2019-12-20T19:32:31.770Z"}}, {"model": "sessions.session", "pk": "n1ksj6up72j9u7ccx8tliqzpjx33qhsr", "fields": {"session_data": "ZWMzZjY2MzhjOWJmYWQ2ZTc4ZmE4NWE1ZGViZWEyNGZjYjc4MmNlMTp7ImNhcnQiOnt9fQ==", "expire_date": "2019-12-20T18:57:39.997Z"}}, {"model": "sessions.session", "pk": "nal2v7fm31w7uhw2k6qi1bq4wnq7bklm", "fields": {"session_data": "ZWMzZjY2MzhjOWJmYWQ2ZTc4ZmE4NWE1ZGViZWEyNGZjYjc4MmNlMTp7ImNhcnQiOnt9fQ==", "expire_date": "2019-12-20T19:29:09.171Z"}}, {"model": "sessions.session", "pk": "o6kamnlg6ldex4xfbrg0ldof3u1gjj5u", "fields": {"session_data": "ZWMzZjY2MzhjOWJmYWQ2ZTc4ZmE4NWE1ZGViZWEyNGZjYjc4MmNlMTp7ImNhcnQiOnt9fQ==", "expire_date": "2019-12-20T19:29:08.412Z"}}, {"model": "sessions.session", "pk": "ohvtb63hldhu1pvub5ui8p12z250bms3", "fields": {"session_data": "ZWMzZjY2MzhjOWJmYWQ2ZTc4ZmE4NWE1ZGViZWEyNGZjYjc4MmNlMTp7ImNhcnQiOnt9fQ==", "expire_date": "2019-12-20T18:46:05.140Z"}}, {"model": "sessions.session", "pk": "oi0i0kyo0llk9079cwe3b2lg6pffpp77", "fields": {"session_data": "ZWMzZjY2MzhjOWJmYWQ2ZTc4ZmE4NWE1ZGViZWEyNGZjYjc4MmNlMTp7ImNhcnQiOnt9fQ==", "expire_date": "2019-12-20T19:32:32.687Z"}}, {"model": "sessions.session", "pk": "oivx69kt5uwu0znwq9qpsmkdxra22wig", "fields": {"session_data": "ZWMzZjY2MzhjOWJmYWQ2ZTc4ZmE4NWE1ZGViZWEyNGZjYjc4MmNlMTp7ImNhcnQiOnt9fQ==", "expire_date": "2019-12-20T19:27:34.834Z"}}, {"model": "sessions.session", "pk": "ojkisc2z1rmcibzn9llsmsb8ba28aptk", "fields": {"session_data": "ZWMzZjY2MzhjOWJmYWQ2ZTc4ZmE4NWE1ZGViZWEyNGZjYjc4MmNlMTp7ImNhcnQiOnt9fQ==", "expire_date": "2019-12-20T18:46:03.793Z"}}, {"model": "sessions.session", "pk": "p202iwhenrgrtkpiys1s0tpmclhgrzz2", "fields": {"session_data": "ZWMzZjY2MzhjOWJmYWQ2ZTc4ZmE4NWE1ZGViZWEyNGZjYjc4MmNlMTp7ImNhcnQiOnt9fQ==", "expire_date": "2019-12-20T19:21:35.167Z"}}, {"model": "sessions.session", "pk": "p8wznhni1nl7i4nb7570j0udqvf99brh", "fields": {"session_data": "ZWMzZjY2MzhjOWJmYWQ2ZTc4ZmE4NWE1ZGViZWEyNGZjYjc4MmNlMTp7ImNhcnQiOnt9fQ==", "expire_date": "2019-12-20T19:22:29.190Z"}}, {"model": "sessions.session", "pk": "pj5myub3l4c6mn3pw3wr0dnds7s2o594", "fields": {"session_data": "ZWMzZjY2MzhjOWJmYWQ2ZTc4ZmE4NWE1ZGViZWEyNGZjYjc4MmNlMTp7ImNhcnQiOnt9fQ==", "expire_date": "2019-12-20T18:58:53.126Z"}}, {"model": "sessions.session", "pk": "ppjjncu8ejtug37bbn0zb9e8e8bt5ceu", "fields": {"session_data": "ZWMzZjY2MzhjOWJmYWQ2ZTc4ZmE4NWE1ZGViZWEyNGZjYjc4MmNlMTp7ImNhcnQiOnt9fQ==", "expire_date": "2019-12-20T19:29:10.563Z"}}, {"model": "sessions.session", "pk": "pr16acx43250mwzun4ekwpozhskcieok", "fields": {"session_data": "ZWMzZjY2MzhjOWJmYWQ2ZTc4ZmE4NWE1ZGViZWEyNGZjYjc4MmNlMTp7ImNhcnQiOnt9fQ==", "expire_date": "2019-12-20T19:27:32.357Z"}}, {"model": "sessions.session", "pk": "pw7h881ujzx6bw4y4s4piqgodp5ts7ih", "fields": {"session_data": "ZWMzZjY2MzhjOWJmYWQ2ZTc4ZmE4NWE1ZGViZWEyNGZjYjc4MmNlMTp7ImNhcnQiOnt9fQ==", "expire_date": "2019-12-20T19:21:40.684Z"}}, {"model": "sessions.session", "pk": "qsp1awvj356365off4sxbelp7azd89ju", "fields": {"session_data": "ZWMzZjY2MzhjOWJmYWQ2ZTc4ZmE4NWE1ZGViZWEyNGZjYjc4MmNlMTp7ImNhcnQiOnt9fQ==", "expire_date": "2019-12-20T19:27:33.274Z"}}, {"model": "sessions.session", "pk": "r1c2242db4k8c7gnhm3d5ct71e9m85ey", "fields": {"session_data": "ZWMzZjY2MzhjOWJmYWQ2ZTc4ZmE4NWE1ZGViZWEyNGZjYjc4MmNlMTp7ImNhcnQiOnt9fQ==", "expire_date": "2019-12-30T16:41:41.842Z"}}, {"model": "sessions.session", "pk": "rbm5xnb1vm0tc71a7ou47guzr4u9q8hs", "fields": {"session_data": "ZWMzZjY2MzhjOWJmYWQ2ZTc4ZmE4NWE1ZGViZWEyNGZjYjc4MmNlMTp7ImNhcnQiOnt9fQ==", "expire_date": "2019-12-20T19:21:35.169Z"}}, {"model": "sessions.session", "pk": "rfgpjsq6jibubj7j1tw3qi16fsy8bf7f", "fields": {"session_data": "ZWMzZjY2MzhjOWJmYWQ2ZTc4ZmE4NWE1ZGViZWEyNGZjYjc4MmNlMTp7ImNhcnQiOnt9fQ==", "expire_date": "2019-12-20T19:29:08.848Z"}}, {"model": "sessions.session", "pk": "rrei5q2tzbsca4m2k4s53m62wzmjzlws", "fields": {"session_data": "ZWMzZjY2MzhjOWJmYWQ2ZTc4ZmE4NWE1ZGViZWEyNGZjYjc4MmNlMTp7ImNhcnQiOnt9fQ==", "expire_date": "2019-12-20T18:57:41.057Z"}}, {"model": "sessions.session", "pk": "rv3k9iyymkka4fv8ox5aqi1p12ijd3vd", "fields": {"session_data": "ZWMzZjY2MzhjOWJmYWQ2ZTc4ZmE4NWE1ZGViZWEyNGZjYjc4MmNlMTp7ImNhcnQiOnt9fQ==", "expire_date": "2019-12-20T19:21:49.087Z"}}, {"model": "sessions.session", "pk": "s3yytbruc6do550x67pce09csnbq6c4b", "fields": {"session_data": "ZWMzZjY2MzhjOWJmYWQ2ZTc4ZmE4NWE1ZGViZWEyNGZjYjc4MmNlMTp7ImNhcnQiOnt9fQ==", "expire_date": "2019-12-20T19:29:08.869Z"}}, {"model": "sessions.session", "pk": "s8g0h5n3d0aeobslh77yu86li2pai571", "fields": {"session_data": "ZWMzZjY2MzhjOWJmYWQ2ZTc4ZmE4NWE1ZGViZWEyNGZjYjc4MmNlMTp7ImNhcnQiOnt9fQ==", "expire_date": "2019-12-20T18:46:03.466Z"}}, {"model": "sessions.session", "pk": "shkf74rzukcjaipedl3j34xbx846fqym", "fields": {"session_data": "ZWMzZjY2MzhjOWJmYWQ2ZTc4ZmE4NWE1ZGViZWEyNGZjYjc4MmNlMTp7ImNhcnQiOnt9fQ==", "expire_date": "2019-12-20T19:32:30.150Z"}}, {"model": "sessions.session", "pk": "sinc1vb5zaer47y2njk3h0m45d0d86gr", "fields": {"session_data": "ZWMzZjY2MzhjOWJmYWQ2ZTc4ZmE4NWE1ZGViZWEyNGZjYjc4MmNlMTp7ImNhcnQiOnt9fQ==", "expire_date": "2019-12-20T19:21:51.371Z"}}, {"model": "sessions.session", "pk": "stkkdspu119ywb2cpicyjtyh8n1m9zgw", "fields": {"session_data": "ZWMzZjY2MzhjOWJmYWQ2ZTc4ZmE4NWE1ZGViZWEyNGZjYjc4MmNlMTp7ImNhcnQiOnt9fQ==", "expire_date": "2019-12-20T19:29:09.036Z"}}, {"model": "sessions.session", "pk": "stoo8g0dzbg0zbtlzv7tu4zunutxgjsg", "fields": {"session_data": "ZWMzZjY2MzhjOWJmYWQ2ZTc4ZmE4NWE1ZGViZWEyNGZjYjc4MmNlMTp7ImNhcnQiOnt9fQ==", "expire_date": "2019-12-20T19:29:09.204Z"}}, {"model": "sessions.session", "pk": "sy70m1sgqcumk9hz796kerrlfrb35o0m", "fields": {"session_data": "ZWMzZjY2MzhjOWJmYWQ2ZTc4ZmE4NWE1ZGViZWEyNGZjYjc4MmNlMTp7ImNhcnQiOnt9fQ==", "expire_date": "2019-12-20T19:32:30.385Z"}}, {"model": "sessions.session", "pk": "t9fw3e4kjbu7c671oerq3cr43lthoneg", "fields": {"session_data": "ZWMzZjY2MzhjOWJmYWQ2ZTc4ZmE4NWE1ZGViZWEyNGZjYjc4MmNlMTp7ImNhcnQiOnt9fQ==", "expire_date": "2019-12-20T18:46:03.780Z"}}, {"model": "sessions.session", "pk": "talc01jr2t9btvhpuuczj4fad6f5j0de", "fields": {"session_data": "ZWMzZjY2MzhjOWJmYWQ2ZTc4ZmE4NWE1ZGViZWEyNGZjYjc4MmNlMTp7ImNhcnQiOnt9fQ==", "expire_date": "2019-12-20T19:32:32.296Z"}}, {"model": "sessions.session", "pk": "tpel81oq72gyelqchxtpt9xw97z0ul1k", "fields": {"session_data": "ZWMzZjY2MzhjOWJmYWQ2ZTc4ZmE4NWE1ZGViZWEyNGZjYjc4MmNlMTp7ImNhcnQiOnt9fQ==", "expire_date": "2019-12-20T19:29:07.842Z"}}, {"model": "sessions.session", "pk": "tq0wza0wz76hd9n49vuxnx5ej6f69fcs", "fields": {"session_data": "ZWMzZjY2MzhjOWJmYWQ2ZTc4ZmE4NWE1ZGViZWEyNGZjYjc4MmNlMTp7ImNhcnQiOnt9fQ==", "expire_date": "2019-12-20T19:21:51.219Z"}}, {"model": "sessions.session", "pk": "tzial4uhb04oenzlx1rbunryg8kk0ya0", "fields": {"session_data": "ZWMzZjY2MzhjOWJmYWQ2ZTc4ZmE4NWE1ZGViZWEyNGZjYjc4MmNlMTp7ImNhcnQiOnt9fQ==", "expire_date": "2019-12-20T19:21:53.880Z"}}, {"model": "sessions.session", "pk": "u65bx08a60yvgq2b4c9luqrtj32qt417", "fields": {"session_data": "ZWMzZjY2MzhjOWJmYWQ2ZTc4ZmE4NWE1ZGViZWEyNGZjYjc4MmNlMTp7ImNhcnQiOnt9fQ==", "expire_date": "2019-12-20T19:31:39.658Z"}}, {"model": "sessions.session", "pk": "u6thldqztmenln60ucs2ag1yfmqd3yvw", "fields": {"session_data": "ZWMzZjY2MzhjOWJmYWQ2ZTc4ZmE4NWE1ZGViZWEyNGZjYjc4MmNlMTp7ImNhcnQiOnt9fQ==", "expire_date": "2019-12-20T19:22:27.627Z"}}, {"model": "sessions.session", "pk": "u7eeedmm856383k5d9hrax70qmbzy25z", "fields": {"session_data": "ZWMzZjY2MzhjOWJmYWQ2ZTc4ZmE4NWE1ZGViZWEyNGZjYjc4MmNlMTp7ImNhcnQiOnt9fQ==", "expire_date": "2019-12-20T19:27:32.084Z"}}, {"model": "sessions.session", "pk": "ube5nwig61ibld9owoliw1xigi3aqtu0", "fields": {"session_data": "ZWMzZjY2MzhjOWJmYWQ2ZTc4ZmE4NWE1ZGViZWEyNGZjYjc4MmNlMTp7ImNhcnQiOnt9fQ==", "expire_date": "2019-12-20T19:21:57.119Z"}}, {"model": "sessions.session", "pk": "uersp7te3dk8uaufpfg2k8s0y6uv39wq", "fields": {"session_data": "ZWMzZjY2MzhjOWJmYWQ2ZTc4ZmE4NWE1ZGViZWEyNGZjYjc4MmNlMTp7ImNhcnQiOnt9fQ==", "expire_date": "2019-12-20T19:32:31.518Z"}}, {"model": "sessions.session", "pk": "ujyfws8ulh13lnla53ijo8lbo5dwo7j3", "fields": {"session_data": "ZWMzZjY2MzhjOWJmYWQ2ZTc4ZmE4NWE1ZGViZWEyNGZjYjc4MmNlMTp7ImNhcnQiOnt9fQ==", "expire_date": "2019-12-20T18:58:53.659Z"}}, {"model": "sessions.session", "pk": "uo9tw4bc4za3v8wgc1m6t1c36396lysi", "fields": {"session_data": "ZWMzZjY2MzhjOWJmYWQ2ZTc4ZmE4NWE1ZGViZWEyNGZjYjc4MmNlMTp7ImNhcnQiOnt9fQ==", "expire_date": "2019-12-20T19:32:31.490Z"}}, {"model": "sessions.session", "pk": "uyhaoj4wxh6m3jxzfs6md7m0issnv87c", "fields": {"session_data": "ZWMzZjY2MzhjOWJmYWQ2ZTc4ZmE4NWE1ZGViZWEyNGZjYjc4MmNlMTp7ImNhcnQiOnt9fQ==", "expire_date": "2019-12-20T19:22:28.674Z"}}, {"model": "sessions.session", "pk": "v6qom0wlpfgqxwosy6n4u1qn2zqalyhh", "fields": {"session_data": "ZWMzZjY2MzhjOWJmYWQ2ZTc4ZmE4NWE1ZGViZWEyNGZjYjc4MmNlMTp7ImNhcnQiOnt9fQ==", "expire_date": "2019-12-20T18:58:53.190Z"}}, {"model": "sessions.session", "pk": "vgfj4z9ozdbon0vgu63mt39kljs91b7s", "fields": {"session_data": "ZWMzZjY2MzhjOWJmYWQ2ZTc4ZmE4NWE1ZGViZWEyNGZjYjc4MmNlMTp7ImNhcnQiOnt9fQ==", "expire_date": "2019-12-20T18:57:37.261Z"}}, {"model": "sessions.session", "pk": "vggky435qdx3lfamb1kbfivru1j7i4cj", "fields": {"session_data": "ZWMzZjY2MzhjOWJmYWQ2ZTc4ZmE4NWE1ZGViZWEyNGZjYjc4MmNlMTp7ImNhcnQiOnt9fQ==", "expire_date": "2019-12-20T18:57:37.541Z"}}, {"model": "sessions.session", "pk": "vhslnhxc5umit7yv5xlgrcnjbukgtjov", "fields": {"session_data": "ZWMzZjY2MzhjOWJmYWQ2ZTc4ZmE4NWE1ZGViZWEyNGZjYjc4MmNlMTp7ImNhcnQiOnt9fQ==", "expire_date": "2019-12-20T18:58:54.004Z"}}, {"model": "sessions.session", "pk": "vn2j0p69hg06wt3o3v3v7abp5nihmvqd", "fields": {"session_data": "ZWMzZjY2MzhjOWJmYWQ2ZTc4ZmE4NWE1ZGViZWEyNGZjYjc4MmNlMTp7ImNhcnQiOnt9fQ==", "expire_date": "2019-12-20T19:29:08.718Z"}}, {"model": "sessions.session", "pk": "vqgx0my52ixhbtpkbusgt6yzlvqf8wzn", "fields": {"session_data": "OTdkY2Q0ZDMxYmMzZWI0MzU4NzlhOWU2ZTAzMGU5NTg2YTQ0OWIzNTp7Il9hdXRoX3VzZXJfaWQiOiIxIiwiX2F1dGhfdXNlcl9iYWNrZW5kIjoiZGphbmdvLmNvbnRyaWIuYXV0aC5iYWNrZW5kcy5Nb2RlbEJhY2tlbmQiLCJfYXV0aF91c2VyX2hhc2giOiIxZmVlN2I4OWQyYTE1OWU1Mjc0ZWMxNjE5NjdhM2U4NWQxMjg1MmUwIiwiY2FydCI6eyI2Ijp7InF1YW50aXR5IjoxLCJwcmljZSI6IjExMS4wMCJ9fX0=", "expire_date": "2019-12-31T13:15:34.469Z"}}, {"model": "sessions.session", "pk": "vvk86da23jbkwrpjl0fb3pep626ks65t", "fields": {"session_data": "ZWMzZjY2MzhjOWJmYWQ2ZTc4ZmE4NWE1ZGViZWEyNGZjYjc4MmNlMTp7ImNhcnQiOnt9fQ==", "expire_date": "2019-12-20T18:46:03.343Z"}}, {"model": "sessions.session", "pk": "w7vnzdo3y3y48z7vs294r1jpikhckmke", "fields": {"session_data": "ZWMzZjY2MzhjOWJmYWQ2ZTc4ZmE4NWE1ZGViZWEyNGZjYjc4MmNlMTp7ImNhcnQiOnt9fQ==", "expire_date": "2019-12-20T19:22:29.431Z"}}, {"model": "sessions.session", "pk": "w8tc8y5nac4hsxd6yxpi07xapmdrmxj5", "fields": {"session_data": "ZWMzZjY2MzhjOWJmYWQ2ZTc4ZmE4NWE1ZGViZWEyNGZjYjc4MmNlMTp7ImNhcnQiOnt9fQ==", "expire_date": "2019-12-20T19:31:39.864Z"}}, {"model": "sessions.session", "pk": "wbvyj7b0z5u5bjgyvsvwpflncijvp7bp", "fields": {"session_data": "ZWMzZjY2MzhjOWJmYWQ2ZTc4ZmE4NWE1ZGViZWEyNGZjYjc4MmNlMTp7ImNhcnQiOnt9fQ==", "expire_date": "2019-12-20T19:22:28.437Z"}}, {"model": "sessions.session", "pk": "wtg3wlv3ys4zsj4cppxwdbilel3enzo3", "fields": {"session_data": "ZWMzZjY2MzhjOWJmYWQ2ZTc4ZmE4NWE1ZGViZWEyNGZjYjc4MmNlMTp7ImNhcnQiOnt9fQ==", "expire_date": "2019-12-20T19:21:49.291Z"}}, {"model": "sessions.session", "pk": "wv2296135ssc59yku3bzgxmayw9z1lom", "fields": {"session_data": "ZWMzZjY2MzhjOWJmYWQ2ZTc4ZmE4NWE1ZGViZWEyNGZjYjc4MmNlMTp7ImNhcnQiOnt9fQ==", "expire_date": "2019-12-20T19:27:35.083Z"}}, {"model": "sessions.session", "pk": "wyvuwd6j9pefabxt9kz15bvos6i2qc65", "fields": {"session_data": "ZWMzZjY2MzhjOWJmYWQ2ZTc4ZmE4NWE1ZGViZWEyNGZjYjc4MmNlMTp7ImNhcnQiOnt9fQ==", "expire_date": "2019-12-20T19:21:56.282Z"}}, {"model": "sessions.session", "pk": "x098y2en1ake9p2vg7abbaboda9pti2c", "fields": {"session_data": "ZWMzZjY2MzhjOWJmYWQ2ZTc4ZmE4NWE1ZGViZWEyNGZjYjc4MmNlMTp7ImNhcnQiOnt9fQ==", "expire_date": "2019-12-20T19:21:34.698Z"}}, {"model": "sessions.session", "pk": "x75aenl143bzmlfwnhsf1nrmwsneps1f", "fields": {"session_data": "ZWMzZjY2MzhjOWJmYWQ2ZTc4ZmE4NWE1ZGViZWEyNGZjYjc4MmNlMTp7ImNhcnQiOnt9fQ==", "expire_date": "2019-12-20T19:27:32.074Z"}}, {"model": "sessions.session", "pk": "xbgspy7uy407nbnmiz717hqmzqyjgtck", "fields": {"session_data": "ZWMzZjY2MzhjOWJmYWQ2ZTc4ZmE4NWE1ZGViZWEyNGZjYjc4MmNlMTp7ImNhcnQiOnt9fQ==", "expire_date": "2019-12-20T19:21:26.837Z"}}, {"model": "sessions.session", "pk": "xcuqb7e55t00bb7pbes4wgsmp37ioya6", "fields": {"session_data": "ZWMzZjY2MzhjOWJmYWQ2ZTc4ZmE4NWE1ZGViZWEyNGZjYjc4MmNlMTp7ImNhcnQiOnt9fQ==", "expire_date": "2019-12-20T18:58:54.966Z"}}, {"model": "sessions.session", "pk": "xyu0ndm19o2rkv85mv4zyzylpt20u9xq", "fields": {"session_data": "ZWMzZjY2MzhjOWJmYWQ2ZTc4ZmE4NWE1ZGViZWEyNGZjYjc4MmNlMTp7ImNhcnQiOnt9fQ==", "expire_date": "2019-12-20T18:58:54.062Z"}}, {"model": "sessions.session", "pk": "xzqilfz3z8ytb2lihvsob65ycxuc5uah", "fields": {"session_data": "ZWMzZjY2MzhjOWJmYWQ2ZTc4ZmE4NWE1ZGViZWEyNGZjYjc4MmNlMTp7ImNhcnQiOnt9fQ==", "expire_date": "2019-12-20T19:31:39.928Z"}}, {"model": "sessions.session", "pk": "y30j91ly0mad01gotbea1z003dnjmlon", "fields": {"session_data": "ZWMzZjY2MzhjOWJmYWQ2ZTc4ZmE4NWE1ZGViZWEyNGZjYjc4MmNlMTp7ImNhcnQiOnt9fQ==", "expire_date": "2019-12-20T18:57:36.542Z"}}, {"model": "sessions.session", "pk": "y3r0mjykvn49t7xbf7wqkoobm7n7z1cr", "fields": {"session_data": "ZWMzZjY2MzhjOWJmYWQ2ZTc4ZmE4NWE1ZGViZWEyNGZjYjc4MmNlMTp7ImNhcnQiOnt9fQ==", "expire_date": "2019-12-20T18:58:54.331Z"}}, {"model": "sessions.session", "pk": "y8tnwf73z8a8hpyoxdgx5bb7b00h6aad", "fields": {"session_data": "ZWMzZjY2MzhjOWJmYWQ2ZTc4ZmE4NWE1ZGViZWEyNGZjYjc4MmNlMTp7ImNhcnQiOnt9fQ==", "expire_date": "2019-12-20T19:29:08.875Z"}}, {"model": "sessions.session", "pk": "ybfmx5exgo9ww58lk6yj5hffie63dts8", "fields": {"session_data": "ZWMzZjY2MzhjOWJmYWQ2ZTc4ZmE4NWE1ZGViZWEyNGZjYjc4MmNlMTp7ImNhcnQiOnt9fQ==", "expire_date": "2019-12-20T18:46:05.387Z"}}, {"model": "sessions.session", "pk": "ymhhu7cvts9rtdokz4w8qosu7dt9i8ej", "fields": {"session_data": "ZWMzZjY2MzhjOWJmYWQ2ZTc4ZmE4NWE1ZGViZWEyNGZjYjc4MmNlMTp7ImNhcnQiOnt9fQ==", "expire_date": "2019-12-20T19:22:29.131Z"}}, {"model": "sessions.session", "pk": "yv4x1a022amov47ofq3cr7qk3sx4a4nz", "fields": {"session_data": "ZWMzZjY2MzhjOWJmYWQ2ZTc4ZmE4NWE1ZGViZWEyNGZjYjc4MmNlMTp7ImNhcnQiOnt9fQ==", "expire_date": "2019-12-20T19:21:58.389Z"}}, {"model": "sessions.session", "pk": "yw79ashhxwcl6ho07c4qhnnxmi07oo6t", "fields": {"session_data": "ZWMzZjY2MzhjOWJmYWQ2ZTc4ZmE4NWE1ZGViZWEyNGZjYjc4MmNlMTp7ImNhcnQiOnt9fQ==", "expire_date": "2019-12-20T19:21:56.785Z"}}, {"model": "sessions.session", "pk": "z5km2zta6r93gnfhzdh2zjsx0mk5a0mz", "fields": {"session_data": "ZWMzZjY2MzhjOWJmYWQ2ZTc4ZmE4NWE1ZGViZWEyNGZjYjc4MmNlMTp7ImNhcnQiOnt9fQ==", "expire_date": "2019-12-20T18:58:54.704Z"}}, {"model": "sessions.session", "pk": "z6wzdq9ifu84yhtgvt568ceyzx3vy6se", "fields": {"session_data": "ZWMzZjY2MzhjOWJmYWQ2ZTc4ZmE4NWE1ZGViZWEyNGZjYjc4MmNlMTp7ImNhcnQiOnt9fQ==", "expire_date": "2019-12-20T19:29:09.062Z"}}, {"model": "sessions.session", "pk": "zb5f5geivkukdguj4dsynm30eo0h5kyf", "fields": {"session_data": "ZWMzZjY2MzhjOWJmYWQ2ZTc4ZmE4NWE1ZGViZWEyNGZjYjc4MmNlMTp7ImNhcnQiOnt9fQ==", "expire_date": "2019-12-20T18:57:41.954Z"}}, {"model": "sessions.session", "pk": "zdc3xwzitewc3qslentancvti7evx9gs", "fields": {"session_data": "ZWMzZjY2MzhjOWJmYWQ2ZTc4ZmE4NWE1ZGViZWEyNGZjYjc4MmNlMTp7ImNhcnQiOnt9fQ==", "expire_date": "2019-12-20T18:46:05.138Z"}}, {"model": "sessions.session", "pk": "zkjvdcj9dqty2aqq69x6pogpm8rz4vq6", "fields": {"session_data": "ZWMzZjY2MzhjOWJmYWQ2ZTc4ZmE4NWE1ZGViZWEyNGZjYjc4MmNlMTp7ImNhcnQiOnt9fQ==", "expire_date": "2019-12-20T19:22:28.802Z"}}, {"model": "sessions.session", "pk": "zkqcvkurlgybcb1c65dbndlstcw91ybr", "fields": {"session_data": "ZWMzZjY2MzhjOWJmYWQ2ZTc4ZmE4NWE1ZGViZWEyNGZjYjc4MmNlMTp7ImNhcnQiOnt9fQ==", "expire_date": "2019-12-20T19:21:54.077Z"}}, {"model": "sessions.session", "pk": "zvg7uk57jszbe8szvxojo007m93gd7t4", "fields": {"session_data": "ZWMzZjY2MzhjOWJmYWQ2ZTc4ZmE4NWE1ZGViZWEyNGZjYjc4MmNlMTp7ImNhcnQiOnt9fQ==", "expire_date": "2019-12-20T18:57:37.210Z"}}, {"model": "sessions.session", "pk": "zyhjz6hxbd9y5xf86wikvkykmxw9rf35", "fields": {"session_data": "ZWMzZjY2MzhjOWJmYWQ2ZTc4ZmE4NWE1ZGViZWEyNGZjYjc4MmNlMTp7ImNhcnQiOnt9fQ==", "expire_date": "2019-12-20T18:58:54.930Z"}}, {"model": "sessions.session", "pk": "zzs1tcrfm147fb896i5xvt5nsapppw3z", "fields": {"session_data": "ZWMzZjY2MzhjOWJmYWQ2ZTc4ZmE4NWE1ZGViZWEyNGZjYjc4MmNlMTp7ImNhcnQiOnt9fQ==", "expire_date": "2019-12-20T19:32:30.614Z"}}, {"model": "orders.order", "pk": 19, "fields": {"first_name": "Mariya", "last_name": "Gorbunova", "phone_number": "380676609313", "email": "dvalindvorf@gmail.com", "region": "\u0417\u0430\u043f\u043e\u0440\u043e\u0436\u0441\u043a\u0430\u044f", "city": "\u0417\u0430\u043f\u043e\u0440\u043e\u0436\u044c\u0435", "adress": "12", "coment": "", "created": "2019-12-17T18:10:47.553Z", "updated": "2019-12-17T18:10:47.553Z", "paid": false}}, {"model": "orders.order", "pk": 20, "fields": {"first_name": "\u0422\u0430\u0440\u0430\u0441", "last_name": "lahgaeshvr", "phone_number": "380674444444", "email": "magmasich@ya.ru", "region": "\u0417\u0430\u043f\u043e\u0440\u043e\u0436\u0441\u043a\u0430\u044f", "city": "\u0417\u0430\u043f\u043e\u0440\u043e\u0436\u044c\u0435", "adress": "8", "coment": "", "created": "2019-12-17T18:29:20.306Z", "updated": "2019-12-17T18:29:20.306Z", "paid": false}}, {"model": "orders.order", "pk": 21, "fields": {"first_name": "Mariya", "last_name": "ewfuhwuefh\u0439", "phone_number": "3806766093113", "email": "magmasich@ya.ru", "region": "\u0417\u0430\u043f\u043e\u0440\u043e\u0436\u0441\u043a\u0430\u044f", "city": "\u0417\u0430\u043f\u043e\u0440\u043e\u0436\u044c\u0435", "adress": "45", "coment": "", "created": "2019-12-17T18:32:45.428Z", "updated": "2019-12-17T18:32:45.428Z", "paid": false}}, {"model": "orders.order", "pk": 22, "fields": {"first_name": "Mariya", "last_name": "Khodor", "phone_number": "380676609313", "email": "dvalindvorf@gmail.com", "region": "\u0417\u0430\u043f\u043e\u0440\u043e\u0436\u0441\u043a\u0430\u044f", "city": "\u0417\u0430\u043f\u043e\u0440\u043e\u0436\u044c\u0435", "adress": "8", "coment": "", "created": "2019-12-17T19:11:43.350Z", "updated": "2019-12-17T19:11:43.350Z", "paid": false}}, {"model": "orders.order", "pk": 23, "fields": {"first_name": "Mariya", "last_name": "xxx", "phone_number": "380674444444", "email": "shfgwjg@gcey.ru", "region": "\u0417\u0430\u043f\u043e\u0440\u043e\u0436\u0441\u043a\u0430\u044f", "city": "\u0417\u0430\u043f\u043e\u0440\u043e\u0436\u044c\u0435", "adress": "8", "coment": "", "created": "2019-12-17T19:15:48.175Z", "updated": "2019-12-17T19:15:48.175Z", "paid": false}}, {"model": "orders.order", "pk": 24, "fields": {"first_name": "Mariya", "last_name": "Gorbunova", "phone_number": "380676609313", "email": "magmasich@ya.ru", "region": "\u0417\u0430\u043f\u043e\u0440\u043e\u0436\u0441\u043a\u0430\u044f", "city": "\u0417\u0430\u043f\u043e\u0440\u043e\u0436\u044c\u0435", "adress": "8", "coment": "", "created": "2019-12-19T09:26:21.759Z", "updated": "2019-12-19T09:26:21.759Z", "paid": false}}, {"model": "orders.order", "pk": 25, "fields": {"first_name": "Mariya", "last_name": "Gorbunova", "phone_number": "380676609313", "email": "magmasich@ya.ru", "region": "\u0417\u0430\u043f\u043e\u0440\u043e\u0436\u0441\u043a\u0430\u044f", "city": "\u0417\u0430\u043f\u043e\u0440\u043e\u0436\u044c\u0435", "adress": "8", "coment": "", "created": "2019-12-19T09:33:40.089Z", "updated": "2019-12-19T09:33:40.089Z", "paid": false}}, {"model": "orders.order", "pk": 26, "fields": {"first_name": "Mariya", "last_name": "ewfuhwuefh", "phone_number": "380673333333", "email": "magmasich@ya.ru", "region": "\u0417\u0430\u043f\u043e\u0440\u043e\u0436\u0441\u043a\u0430\u044f", "city": "\u0417\u0430\u043f\u043e\u0440\u043e\u0436\u044c\u0435", "adress": "8", "coment": "", "created": "2019-12-19T09:37:52.958Z", "updated": "2019-12-19T09:37:52.958Z", "paid": false}}, {"model": "orders.order", "pk": 27, "fields": {"first_name": "Mariya", "last_name": "Khodor", "phone_number": "380673333333", "email": "magmasich@ya.ru", "region": "\u0417\u0430\u043f\u043e\u0440\u043e\u0436\u0441\u043a\u0430\u044f", "city": "\u0417\u0430\u043f\u043e\u0440\u043e\u0436\u044c\u0435", "adress": "8", "coment": "", "created": "2019-12-19T09:44:13.974Z", "updated": "2019-12-19T09:44:13.975Z", "paid": false}}, {"model": "orders.order", "pk": 28, "fields": {"first_name": "Mariya", "last_name": "Khodor", "phone_number": "380675555555", "email": "magmasich@ya.ru", "region": "\u0417\u0430\u043f\u043e\u0440\u043e\u0436\u0441\u043a\u0430\u044f", "city": "\u0417\u0430\u043f\u043e\u0440\u043e\u0436\u044c\u0435", "adress": "8", "coment": "", "created": "2019-12-19T09:56:22.208Z", "updated": "2019-12-19T09:56:22.208Z", "paid": false}}, {"model": "orders.order", "pk": 29, "fields": {"first_name": "Mariya", "last_name": "Khodor", "phone_number": "380675555555", "email": "magmasich@ya.ru", "region": "\u0417\u0430\u043f\u043e\u0440\u043e\u0436\u0441\u043a\u0430\u044f", "city": "\u0417\u0430\u043f\u043e\u0440\u043e\u0436\u044c\u0435", "adress": "8", "coment": "", "created": "2019-12-19T09:57:20.941Z", "updated": "2019-12-19T09:57:20.941Z", "paid": false}}, {"model": "orders.order", "pk": 30, "fields": {"first_name": "Mariya", "last_name": "Gorbunova", "phone_number": "380675555555", "email": "magmasich@ya.ru", "region": "\u0417\u0430\u043f\u043e\u0440\u043e\u0436\u0441\u043a\u0430\u044f", "city": "\u0417\u0430\u043f\u043e\u0440\u043e\u0436\u044c\u0435", "adress": "8", "coment": "", "created": "2019-12-19T12:11:19.540Z", "updated": "2019-12-19T12:11:19.540Z", "paid": false}}, {"model": "orders.order", "pk": 31, "fields": {"first_name": "Mariya", "last_name": "Khodor", "phone_number": "3806766093113", "email": "magmasich@ya.ru", "region": "\u0417\u0430\u043f\u043e\u0440\u043e\u0436\u0441\u043a\u0430\u044f", "city": "\u0417\u0430\u043f\u043e\u0440\u043e\u0436\u044c\u0435", "adress": "45", "coment": "", "created": "2019-12-19T15:02:21.926Z", "updated": "2019-12-19T15:02:21.926Z", "paid": false}}, {"model": "orders.order", "pk": 32, "fields": {"first_name": "Mariya", "last_name": "Khodor", "phone_number": "3806766093113", "email": "magmasich@ya.ru", "region": "\u0417\u0430\u043f\u043e\u0440\u043e\u0436\u0441\u043a\u0430\u044f", "city": "\u0417\u0430\u043f\u043e\u0440\u043e\u0436\u044c\u0435", "adress": "45", "coment": "", "created": "2019-12-19T15:02:55.300Z", "updated": "2019-12-19T15:02:55.300Z", "paid": false}}, {"model": "orders.order", "pk": 33, "fields": {"first_name": "Mariya", "last_name": "Khodor", "phone_number": "3806766093113", "email": "magmasich@ya.ru", "region": "\u0417\u0430\u043f\u043e\u0440\u043e\u0436\u0441\u043a\u0430\u044f", "city": "\u0417\u0430\u043f\u043e\u0440\u043e\u0436\u044c\u0435", "adress": "45", "coment": "", "created": "2019-12-19T15:03:21.506Z", "updated": "2019-12-19T15:03:21.507Z", "paid": false}}, {"model": "orders.order", "pk": 34, "fields": {"first_name": "Mariya", "last_name": "Khodor", "phone_number": "3806766093113", "email": "magmasich@ya.ru", "region": "\u0417\u0430\u043f\u043e\u0440\u043e\u0436\u0441\u043a\u0430\u044f", "city": "\u0417\u0430\u043f\u043e\u0440\u043e\u0436\u044c\u0435", "adress": "45", "coment": "", "created": "2019-12-19T15:10:44.852Z", "updated": "2019-12-19T15:10:44.852Z", "paid": false}}, {"model": "orders.order", "pk": 35, "fields": {"first_name": "Mariya", "last_name": "Khodor", "phone_number": "3806766093113", "email": "magmasich@ya.ru", "region": "\u0417\u0430\u043f\u043e\u0440\u043e\u0436\u0441\u043a\u0430\u044f", "city": "\u0417\u0430\u043f\u043e\u0440\u043e\u0436\u044c\u0435", "adress": "45", "coment": "", "created": "2019-12-19T15:13:08.190Z", "updated": "2019-12-19T15:13:08.190Z", "paid": false}}, {"model": "orders.order", "pk": 36, "fields": {"first_name": "Mariya", "last_name": "Khodor", "phone_number": "3806766093113", "email": "magmasich@ya.ru", "region": "\u0417\u0430\u043f\u043e\u0440\u043e\u0436\u0441\u043a\u0430\u044f", "city": "\u0417\u0430\u043f\u043e\u0440\u043e\u0436\u044c\u0435", "adress": "45", "coment": "", "created": "2019-12-19T15:28:21.827Z", "updated": "2019-12-19T15:28:21.827Z", "paid": false}}, {"model": "orders.orderitem", "pk": 15, "fields": {"order": 19, "product": 16, "price": "50.00", "quantity": 1}}, {"model": "orders.orderitem", "pk": 16, "fields": {"order": 20, "product": 15, "price": "200.00", "quantity": 1}}, {"model": "orders.orderitem", "pk": 17, "fields": {"order": 21, "product": 10, "price": "50.00", "quantity": 1}}, {"model": "orders.orderitem", "pk": 18, "fields": {"order": 22, "product": 15, "price": "200.00", "quantity": 1}}, {"model": "orders.orderitem", "pk": 19, "fields": {"order": 23, "product": 13, "price": "50.00", "quantity": 1}}, {"model": "orders.orderitem", "pk": 20, "fields": {"order": 24, "product": 16, "price": "50.00", "quantity": 1}}, {"model": "orders.orderitem", "pk": 21, "fields": {"order": 26, "product": 23, "price": "50.00", "quantity": 1}}, {"model": "orders.orderitem", "pk": 22, "fields": {"order": 27, "product": 15, "price": "200.00", "quantity": 1}}, {"model": "orders.orderitem", "pk": 23, "fields": {"order": 28, "product": 21, "price": "50.00", "quantity": 1}}, {"model": "orders.orderitem", "pk": 24, "fields": {"order": 29, "product": 21, "price": "50.00", "quantity": 1}}, {"model": "orders.orderitem", "pk": 25, "fields": {"order": 30, "product": 15, "price": "200.00", "quantity": 1}}, {"model": "orders.orderitem", "pk": 26, "fields": {"order": 30, "product": 21, "price": "50.00", "quantity": 1}}, {"model": "orders.orderitem", "pk": 27, "fields": {"order": 31, "product": 16, "price": "50.00", "quantity": 1}}, {"model": "orders.orderitem", "pk": 28, "fields": {"order": 31, "product": 11, "price": "50.00", "quantity": 1}}, {"model": "orders.orderitem", "pk": 29, "fields": {"order": 31, "product": 22, "price": "50.00", "quantity": 1}}, {"model": "orders.orderitem", "pk": 30, "fields": {"order": 32, "product": 16, "price": "50.00", "quantity": 1}}, {"model": "orders.orderitem", "pk": 31, "fields": {"order": 32, "product": 11, "price": "50.00", "quantity": 1}}, {"model": "orders.orderitem", "pk": 32, "fields": {"order": 32, "product": 22, "price": "50.00", "quantity": 1}}, {"model": "orders.orderitem", "pk": 33, "fields": {"order": 33, "product": 16, "price": "50.00", "quantity": 1}}, {"model": "orders.orderitem", "pk": 34, "fields": {"order": 33, "product": 11, "price": "50.00", "quantity": 1}}, {"model": "orders.orderitem", "pk": 35, "fields": {"order": 33, "product": 22, "price": "50.00", "quantity": 1}}, {"model": "shop.category", "pk": 3, "fields": {"name": "\u0418\u0433\u0440\u044b \u043d\u0430 \u043b\u0438\u043f\u0443\u0447\u043a\u0430\u0445", "slug": "igry-na-lipuchkah"}}, {"model": "shop.category", "pk": 4, "fields": {"name": "\u0414\u0435\u0442\u0441\u043a\u0438\u0435 \u0448\u043b\u044f\u043f\u044b", "slug": "detskie-shlyapy"}}, {"model": "shop.category", "pk": 5, "fields": {"name": "\u0414\u0435\u0442\u0441\u043a\u0430\u044f \u043e\u0434\u0435\u0436\u0434\u0430", "slug": "detskaya-odezhda"}}, {"model": "shop.product", "pk": 10, "fields": {"category": 3, "name": "\u0418\u0433\u0440\u0430 - \"\u0414\u0438\u043a\u0438\u0435 \u0436\u0438\u0432\u043e\u0442\u043d\u044b\u0435\"", "slug": "igra-dikie-zhivotnye", "image": "products/2019/12/17/69947239_2171934656445608_2616261877113364843_n.jpg", "description": "\u0412\u044b\u0443\u0447\u0438\u0442\u0435 \u0441 \u0440\u0435\u0431\u0451\u043d\u043a\u043e\u043c \u043d\u0430\u0437\u0432\u0430\u043d\u0438\u044f \u043d\u043e\u0432\u044b\u0445 \u0436\u0438\u0432\u043e\u0442\u043d\u044b\u0445 \u0438 \u043d\u0430\u0443\u0447\u0438\u0442\u0435\u0441\u044c \u0443\u0437\u043d\u0430\u0432\u0430\u0442\u044c \u0438\u0445.", "price": "50.00", "stock": 10, "available": true, "created": "2019-12-17T16:15:49.464Z", "updated": "2019-12-17T16:15:49.464Z"}}, {"model": "shop.product", "pk": 11, "fields": {"category": 3, "name": "\u0418\u0433\u0440\u0430 - \"\u0424\u0435\u0440\u043c\u0430\"", "slug": "igra-ferma", "image": "products/2019/12/17/70449502_414233679458948_9198164382222208047_n.jpg", "description": "\u0412\u044b\u0443\u0447\u0438\u0442\u0435 \u0432 \u0438\u0433\u0440\u043e\u0432\u043e\u0439 \u0444\u043e\u0440\u043c\u0435 \u043d\u0430\u0437\u0432\u0430\u043d\u0438\u044f \u0434\u043e\u043c\u0430\u0448\u043d\u0438\u0445 \u0436\u0438\u0432\u043e\u0442\u043d\u044b\u0445.", "price": "50.00", "stock": 10, "available": true, "created": "2019-12-17T16:18:15.851Z", "updated": "2019-12-17T16:18:15.851Z"}}, {"model": "shop.product", "pk": 12, "fields": {"category": 3, "name": "\u0418\u0433\u0440\u0430 - \"\u041a\u0442\u043e \u0433\u0434\u0435 \u0436\u0438\u0432\u0451\u0442\"", "slug": "igra-kto-gde-zhivyot", "image": "products/2019/12/17/70806234_401096304153736_568724269737244725_n.jpg", "description": "\u041d\u0430\u0439\u0434\u0438\u0442\u0435 \u0434\u043b\u044f \u0436\u0438\u0432\u043e\u0442\u043d\u043e\u0433\u043e \u0435\u0433\u043e \u0434\u043e\u043c\u0438\u043a.", "price": "50.00", "stock": 10, "available": true, "created": "2019-12-17T16:20:45.472Z", "updated": "2019-12-17T16:20:45.472Z"}}, {"model": "shop.product", "pk": 13, "fields": {"category": 3, "name": "\u0418\u0433\u0440\u0430 - \"\u0411\u043e\u043b\u044c\u0448\u043e\u0439 - \u043c\u0430\u043b\u0435\u043d\u044c\u043a\u0438\u0439\"", "slug": "igra-bolshoj-malenkij", "image": "products/2019/12/17/70902927_736242580153746_1576481533172239988_n.jpg", "description": "\u041e\u0431\u0443\u0447\u0438\u0442\u0435 \u0440\u0435\u0431\u0451\u043d\u043a\u0430 \u0441\u043e\u0440\u0442\u0438\u0440\u043e\u0432\u0430\u0442\u044c \u043f\u0440\u0435\u0434\u043c\u0435\u0442\u044b \u043f\u043e \u0440\u0430\u0437\u043c\u0435\u0440\u0443.", "price": "50.00", "stock": 10, "available": true, "created": "2019-12-17T16:22:03.095Z", "updated": "2019-12-17T16:22:03.096Z"}}, {"model": "shop.product", "pk": 14, "fields": {"category": 3, "name": "\u0418\u0433\u0440\u0430 - \"\u0414\u0438\u043a\u0438\u0435 \u0438 \u0434\u043e\u043c\u0430\u0448\u043d\u0438\u0435 \u0436\u0438\u0432\u043e\u0442\u043d\u044b\u0435\"", "slug": "igra-dikie-i-domashnie-zhivotnye", "image": "products/2019/12/17/71177969_715209818997885_1757432366910040759_n.jpg", "description": "\u041e\u0431\u0443\u0447\u0438\u0442 \u0432\u0430\u0448\u0435\u0433\u043e \u043c\u0430\u043b\u044b\u0448\u0430 \u043e\u0442\u043b\u0438\u0447\u0430\u0442\u044c \u0434\u0438\u043a\u0438\u0445 \u0436\u0438\u0432\u043e\u0442\u043d\u044b\u0445 \u043e\u0442 \u043e\u0434\u043e\u043c\u0430\u0448\u043d\u0435\u043d\u043d\u044b\u0445.", "price": "100.00", "stock": 10, "available": true, "created": "2019-12-17T16:23:28.117Z", "updated": "2019-12-17T16:23:28.118Z"}}, {"model": "shop.product", "pk": 15, "fields": {"category": 3, "name": "\u0418\u0433\u0440\u0430 - \"\u0412\u0440\u0435\u043c\u0435\u043d\u0430 \u0433\u043e\u0434\u0430\"", "slug": "igra-vremena-goda", "image": "products/2019/12/17/71180932_2122390581400603_4979411132880368851_n.jpg", "description": "\u0418\u0433\u0440\u0430 \u0441\u043e\u0441\u0442\u043e\u0438\u0442 \u0438\u0437 4 \u043b\u0438\u0441\u0442\u043e\u0432. \u041e\u0431\u0443\u0447\u0438\u0442 \u043c\u0430\u043b\u044b\u0448\u0430 \u0441\u043e\u0440\u0442\u0438\u0440\u043e\u0432\u0430\u0442\u044c \u0432\u0435\u0449\u0438 \u0438 \u043f\u0440\u0435\u0434\u043c\u0435\u0442\u044b \u0432 \u0437\u0430\u0432\u0438\u0441\u0438\u043c\u043e\u0441\u0442\u0438 \u043e\u0442 \u0438\u0445 \u0441\u0435\u0437\u043e\u043d\u043d\u043e\u0439 \u043f\u0440\u0438\u043d\u0430\u0434\u043b\u0435\u0436\u043d\u043e\u0441\u0442\u0438.", "price": "200.00", "stock": 10, "available": true, "created": "2019-12-17T16:25:11.281Z", "updated": "2019-12-17T16:25:11.281Z"}}, {"model": "shop.product", "pk": 16, "fields": {"category": 3, "name": "\u0418\u0433\u0440\u0430 - \"\u0411\u043e\u043b\u044c\u0448\u043e\u0439, \u0441\u0440\u0435\u0434\u043d\u0438\u0439, \u043c\u0430\u043b\u0435\u043d\u044c\u043a\u0438\u0439\"", "slug": "igra-bolshoj-srednij-malenkij", "image": "products/2019/12/17/71815464_2455595058096847_37116772949372624_n.jpg", "description": "\u041f\u043e\u043c\u043e\u0433\u0430\u0435\u0442 \u043e\u0431\u0443\u0447\u0438\u0442\u044c \u043c\u0430\u043b\u044b\u0448\u0430 \u0441\u043e\u0440\u0442\u0438\u0440\u043e\u0432\u0430\u0442\u044c \u043f\u0440\u0435\u0434\u043c\u0435\u0442\u044b \u043f\u043e \u0438\u0445 \u0440\u0430\u0437\u043c\u0435\u0440\u0443.", "price": "50.00", "stock": 10, "available": true, "created": "2019-12-17T16:26:36.670Z", "updated": "2019-12-17T16:26:36.670Z"}}, {"model": "shop.product", "pk": 17, "fields": {"category": 3, "name": "\u0418\u0433\u0440\u0430 - \"\u041f\u043e\u043b\u043e\u0432\u0438\u043d\u043a\u0438\"", "slug": "igra-polovinki", "image": "products/2019/12/17/71822280_421491141875667_4354306941467562855_n.jpg", "description": "\u041e\u0431\u0443\u0447\u0435\u043d\u0438\u0435 \u0440\u0435\u0431\u0451\u043d\u043a\u0430 \u0432\u043d\u0438\u043c\u0430\u0442\u0435\u043b\u044c\u043d\u043e\u0441\u0442\u0438 \u0438 \u043b\u043e\u0433\u0438\u0447\u0435\u0441\u043a\u043e\u043c\u0443 \u043c\u044b\u0448\u043b\u0435\u043d\u0438\u044e.", "price": "50.00", "stock": 10, "available": true, "created": "2019-12-17T16:29:44.686Z", "updated": "2019-12-17T16:29:44.686Z"}}, {"model": "shop.product", "pk": 18, "fields": {"category": 3, "name": "\u0418\u0433\u0440\u0430 - \"\u0426\u0432\u0435\u0442\u0430\"", "slug": "igra-cveta", "image": "products/2019/12/17/72552391_573521476521692_8326903736891038280_n.jpg", "description": "\u0418\u0433\u0440\u0430 \u0441\u043e\u0441\u0442\u043e\u0438\u0442 \u0438\u0437 7 \u043b\u0438\u0441\u0442\u0438\u043a\u043e\u0432 \u0444\u043e\u0440\u043c\u0430\u0442\u0430 \u04105. \u041f\u043e\u043c\u043e\u0433\u0430\u0435\u0442 \u043c\u0430\u043b\u044b\u0448\u0443 \u0432\u044b\u0443\u0447\u0438\u0442\u044c \u043d\u0430\u0437\u0432\u0430\u043d\u0438\u044f \u043e\u0441\u043d\u043e\u0432\u043d\u044b\u0445 \u0446\u0432\u0435\u0442\u043e\u0432 \u0438 \u043d\u0430\u0443\u0447\u0438\u0442\u0441\u044f \u0441\u043e\u0440\u0442\u0438\u0440\u043e\u0432\u0430\u0442\u044c \u043f\u0440\u0435\u0434\u043c\u0435\u0442\u044b \u043f\u043e \u0446\u0432\u0435\u0442\u0443.", "price": "245.00", "stock": 10, "available": true, "created": "2019-12-17T16:34:02.592Z", "updated": "2019-12-17T16:34:02.592Z"}}, {"model": "shop.product", "pk": 19, "fields": {"category": 3, "name": "\u041f\u0430\u0437\u043b - \"\u041c\u044b\u0448\u043a\u0438\"", "slug": "pazl-myshki", "image": "products/2019/12/17/72771565_2556426537912726_5963365818599951819_n.jpg", "description": "", "price": "50.00", "stock": 10, "available": true, "created": "2019-12-17T16:35:01.342Z", "updated": "2019-12-17T16:35:01.342Z"}}, {"model": "shop.product", "pk": 20, "fields": {"category": 3, "name": "\u0421\u043e\u0440\u0442\u0435\u0440 \u043d\u0430 \u043b\u0438\u043f\u0443\u0447\u043a\u0430\u0445 \u043f\u043e \u0446\u0432\u0435\u0442\u0430\u043c \u0438 \u0444\u0438\u0433\u0443\u0440\u0430\u043c", "slug": "sorter-na-lipuchkah-po-cvetam-i-figuram", "image": "products/2019/12/17/72789555_748238675641560_3738312943928961123_n.jpg", "description": "", "price": "100.00", "stock": 10, "available": true, "created": "2019-12-17T16:36:23.449Z", "updated": "2019-12-17T16:36:23.449Z"}}, {"model": "shop.product", "pk": 21, "fields": {"category": 3, "name": "\u0418\u0433\u0440\u0430  -\"\u0423\u0433\u0430\u0434\u0430\u0439 \u0436\u0438\u0432\u043e\u0442\u043d\u043e\u0435\"", "slug": "igra-ugadaj-zhivotnoe", "image": "products/2019/12/17/72965359_969527010069612_7333494698724858470_n.jpg", "description": "\u0418\u0433\u0440\u0430 \u043f\u043e\u043c\u043e\u0433\u0430\u0435\u0442 \u0440\u0435\u0431\u0451\u043d\u043a\u0443 \u043d\u0430\u0443\u0447\u0438\u0442\u0441\u044f \u0440\u0430\u0437\u043b\u0438\u0447\u0430\u0442\u044c \u043c\u0435\u0445 \u0438 \u043e\u043a\u0440\u0430\u0441 \u0440\u0430\u0437\u043b\u0438\u0447\u043d\u044b\u0445 \u0436\u0438\u0432\u043e\u0442\u043d\u044b\u0445.", "price": "50.00", "stock": 10, "available": true, "created": "2019-12-17T16:39:18.325Z", "updated": "2019-12-17T16:39:18.325Z"}}, {"model": "shop.product", "pk": 22, "fields": {"category": 3, "name": "\u0418\u0433\u0440\u0430 - \"\u041a\u0442\u043e \u0447\u0442\u043e \u0435\u0441\u0442\"", "slug": "igra-kto-chto-est", "image": "products/2019/12/17/73239931_468885277081266_8071496661125826766_n.jpg", "description": "", "price": "50.00", "stock": 10, "available": true, "created": "2019-12-17T16:41:31.003Z", "updated": "2019-12-17T16:41:31.003Z"}}, {"model": "shop.product", "pk": 23, "fields": {"category": 3, "name": "\u0418\u0433\u0440\u0430 - \"\u0417\u0438\u043c\u043d\u0438\u0435 \u0437\u0430\u0431\u0430\u0432\u044b\"", "slug": "igra-zimnie-zabavy", "image": "products/2019/12/17/73387372_2413093165597381_1991210065122641965_n.jpg", "description": "", "price": "50.00", "stock": 10, "available": true, "created": "2019-12-17T16:42:32.829Z", "updated": "2019-12-17T16:42:32.829Z"}}, {"model": "shop.product", "pk": 24, "fields": {"category": 3, "name": "\u0418\u0433\u0440\u04302 - \"\u0411\u043e\u043b\u044c\u0448\u043e\u0439, \u0441\u0440\u0435\u0434\u043d\u0438\u0439, \u043c\u0430\u043b\u0435\u043d\u044c\u043a\u0438\u0439\"", "slug": "igra2-bolshoj-srednij-malenkij", "image": "products/2019/12/17/73475377_2516342345254508_417163153864993844_n.jpg", "description": "\u041f\u043e\u043c\u043e\u0433\u0430\u0435\u0442 \u043e\u0431\u0443\u0447\u0438\u0442\u044c \u0440\u0435\u0431\u0451\u043d\u043a\u0430 \u0440\u0430\u0437\u043b\u0438\u0447\u0430\u0442\u044c \u0438 \u0441\u043e\u0440\u0442\u0438\u0440\u043e\u0432\u0430\u0442\u044c \u043f\u0440\u0435\u0434\u043c\u0435\u0442\u044b \u043f\u043e \u0440\u0430\u0437\u043c\u0435\u0440\u0443", "price": "50.00", "stock": 10, "available": true, "created": "2019-12-17T16:44:26.379Z", "updated": "2019-12-17T16:44:26.379Z"}}, {"model": "shop.product", "pk": 25, "fields": {"category": 3, "name": "\u0418\u0433\u0440\u0430 - \"\u0421\u043e\u0440\u0442\u0435\u0440 \u043f\u043e \u0446\u0432\u0435\u0442\u0430\u043c\"", "slug": "igra-sorter-po-cvetam", "image": "products/2019/12/17/76886190_1428472533987100_3902833718605803789_n.jpg", "description": "", "price": "50.00", "stock": 10, "available": true, "created": "2019-12-17T16:46:39.066Z", "updated": "2019-12-17T16:46:39.066Z"}}, {"model": "shop.product", "pk": 26, "fields": {"category": 3, "name": "\u0418\u0433\u0440\u04302 - \"\u0421\u043e\u0440\u0442\u0435\u0440 \u043f\u043e \u0446\u0432\u0435\u0442\u0430\u043c\"", "slug": "igra2-sorter-po-cvetam", "image": "products/2019/12/17/74341535_163706908035744_4794124658004497837_n.jpg", "description": "", "price": "50.00", "stock": 10, "available": true, "created": "2019-12-17T16:48:01.612Z", "updated": "2019-12-17T16:48:01.612Z"}}, {"model": "auth.permission", "pk": 1, "fields": {"name": "Can add log entry", "content_type": 1, "codename": "add_logentry"}}, {"model": "auth.permission", "pk": 2, "fields": {"name": "Can change log entry", "content_type": 1, "codename": "change_logentry"}}, {"model": "auth.permission", "pk": 3, "fields": {"name": "Can delete log entry", "content_type": 1, "codename": "delete_logentry"}}, {"model": "auth.permission", "pk": 4, "fields": {"name": "Can view log entry", "content_type": 1, "codename": "view_logentry"}}, {"model": "auth.permission", "pk": 5, "fields": {"name": "Can add permission", "content_type": 2, "codename": "add_permission"}}, {"model": "auth.permission", "pk": 6, "fields": {"name": "Can change permission", "content_type": 2, "codename": "change_permission"}}, {"model": "auth.permission", "pk": 7, "fields": {"name": "Can delete permission", "content_type": 2, "codename": "delete_permission"}}, {"model": "auth.permission", "pk": 8, "fields": {"name": "Can view permission", "content_type": 2, "codename": "view_permission"}}, {"model": "auth.permission", "pk": 9, "fields": {"name": "Can add group", "content_type": 3, "codename": "add_group"}}, {"model": "auth.permission", "pk": 10, "fields": {"name": "Can change group", "content_type": 3, "codename": "change_group"}}, {"model": "auth.permission", "pk": 11, "fields": {"name": "Can delete group", "content_type": 3, "codename": "delete_group"}}, {"model": "auth.permission", "pk": 12, "fields": {"name": "Can view group", "content_type": 3, "codename": "view_group"}}, {"model": "auth.permission", "pk": 13, "fields": {"name": "Can add user", "content_type": 4, "codename": "add_user"}}, {"model": "auth.permission", "pk": 14, "fields": {"name": "Can change user", "content_type": 4, "codename": "change_user"}}, {"model": "auth.permission", "pk": 15, "fields": {"name": "Can delete user", "content_type": 4, "codename": "delete_user"}}, {"model": "auth.permission", "pk": 16, "fields": {"name": "Can view user", "content_type": 4, "codename": "view_user"}}, {"model": "auth.permission", "pk": 17, "fields": {"name": "Can add content type", "content_type": 5, "codename": "add_contenttype"}}, {"model": "auth.permission", "pk": 18, "fields": {"name": "Can change content type", "content_type": 5, "codename": "change_contenttype"}}, {"model": "auth.permission", "pk": 19, "fields": {"name": "Can delete content type", "content_type": 5, "codename": "delete_contenttype"}}, {"model": "auth.permission", "pk": 20, "fields": {"name": "Can view content type", "content_type": 5, "codename": "view_contenttype"}}, {"model": "auth.permission", "pk": 21, "fields": {"name": "Can add session", "content_type": 6, "codename": "add_session"}}, {"model": "auth.permission", "pk": 22, "fields": {"name": "Can change session", "content_type": 6, "codename": "change_session"}}, {"model": "auth.permission", "pk": 23, "fields": {"name": "Can delete session", "content_type": 6, "codename": "delete_session"}}, {"model": "auth.permission", "pk": 24, "fields": {"name": "Can view session", "content_type": 6, "codename": "view_session"}}, {"model": "auth.permission", "pk": 25, "fields": {"name": "Can add \u0417\u0430\u043a\u0430\u0437", "content_type": 7, "codename": "add_order"}}, {"model": "auth.permission", "pk": 26, "fields": {"name": "Can change \u0417\u0430\u043a\u0430\u0437", "content_type": 7, "codename": "change_order"}}, {"model": "auth.permission", "pk": 27, "fields": {"name": "Can delete \u0417\u0430\u043a\u0430\u0437", "content_type": 7, "codename": "delete_order"}}, {"model": "auth.permission", "pk": 28, "fields": {"name": "Can view \u0417\u0430\u043a\u0430\u0437", "content_type": 7, "codename": "view_order"}}, {"model": "auth.permission", "pk": 29, "fields": {"name": "Can add order item", "content_type": 8, "codename": "add_orderitem"}}, {"model": "auth.permission", "pk": 30, "fields": {"name": "Can change order item", "content_type": 8, "codename": "change_orderitem"}}, {"model": "auth.permission", "pk": 31, "fields": {"name": "Can delete order item", "content_type": 8, "codename": "delete_orderitem"}}, {"model": "auth.permission", "pk": 32, "fields": {"name": "Can view order item", "content_type": 8, "codename": "view_orderitem"}}, {"model": "auth.permission", "pk": 33, "fields": {"name": "Can add \u041a\u0430\u0442\u0435\u0433\u043e\u0440\u0438\u044f", "content_type": 9, "codename": "add_category"}}, {"model": "auth.permission", "pk": 34, "fields": {"name": "Can change \u041a\u0430\u0442\u0435\u0433\u043e\u0440\u0438\u044f", "content_type": 9, "codename": "change_category"}}, {"model": "auth.permission", "pk": 35, "fields": {"name": "Can delete \u041a\u0430\u0442\u0435\u0433\u043e\u0440\u0438\u044f", "content_type": 9, "codename": "delete_category"}}, {"model": "auth.permission", "pk": 36, "fields": {"name": "Can view \u041a\u0430\u0442\u0435\u0433\u043e\u0440\u0438\u044f", "content_type": 9, "codename": "view_category"}}, {"model": "auth.permission", "pk": 37, "fields": {"name": "Can add product", "content_type": 10, "codename": "add_product"}}, {"model": "auth.permission", "pk": 38, "fields": {"name": "Can change product", "content_type": 10, "codename": "change_product"}}, {"model": "auth.permission", "pk": 39, "fields": {"name": "Can delete product", "content_type": 10, "codename": "delete_product"}}, {"model": "auth.permission", "pk": 40, "fields": {"name": "Can view product", "content_type": 10, "codename": "view_product"}}, {"model": "auth.permission", "pk": 41, "fields": {"name": "Can add task result", "content_type": 11, "codename": "add_taskresult"}}, {"model": "auth.permission", "pk": 42, "fields": {"name": "Can change task result", "content_type": 11, "codename": "change_taskresult"}}, {"model": "auth.permission", "pk": 43, "fields": {"name": "Can delete task result", "content_type": 11, "codename": "delete_taskresult"}}, {"model": "auth.permission", "pk": 44, "fields": {"name": "Can view task result", "content_type": 11, "codename": "view_taskresult"}}, {"model": "auth.user", "pk": 1, "fields": {"password": "pbkdf2_sha256$150000$J3pK9TmwU90i$zNBi+F03bGLt/WP3c7TaGn0RZadqVhzXETTIL9pNR58=", "last_login": "2019-12-17T17:44:29.137Z", "is_superuser": true, "username": "Admin", "first_name": "", "last_name": "", "email": "", "is_staff": true, "is_active": true, "date_joined": "2019-12-06T18:45:21.710Z", "groups": [], "user_permissions": []}}, {"model": "admin.logentry", "pk": 1, "fields": {"action_time": "2019-12-06T18:46:27.900Z", "user": 1, "content_type": 9, "object_id": "1", "object_repr": "Tea", "action_flag": 1, "change_message": "[{\"added\": {}}]"}}, {"model": "admin.logentry", "pk": 2, "fields": {"action_time": "2019-12-06T18:46:36.639Z", "user": 1, "content_type": 9, "object_id": "2", "object_repr": "Cofee", "action_flag": 1, "change_message": "[{\"added\": {}}]"}}, {"model": "admin.logentry", "pk": 3, "fields": {"action_time": "2019-12-06T18:50:03.833Z", "user": 1, "content_type": 10, "object_id": "1", "object_repr": "\u0427\u0430\u0439 \u0447\u0451\u0440\u043d\u044b\u0439", "action_flag": 1, "change_message": "[{\"added\": {}}]"}}, {"model": "admin.logentry", "pk": 4, "fields": {"action_time": "2019-12-06T18:52:05.468Z", "user": 1, "content_type": 10, "object_id": "2", "object_repr": "\u041c\u043e\u043b\u043e\u0447\u043d\u044b\u0439 \u0443\u043b\u0443\u043d", "action_flag": 1, "change_message": "[{\"added\": {}}]"}}, {"model": "admin.logentry", "pk": 5, "fields": {"action_time": "2019-12-06T18:53:51.640Z", "user": 1, "content_type": 10, "object_id": "3", "object_repr": "\u0411\u0430\u0439 \u0425\u0430\u043e \u0418\u043d\u044c \u0427\u0436\u0435\u043d\u044c", "action_flag": 1, "change_message": "[{\"added\": {}}]"}}, {"model": "admin.logentry", "pk": 6, "fields": {"action_time": "2019-12-06T18:55:38.915Z", "user": 1, "content_type": 10, "object_id": "4", "object_repr": "\u0428\u0443 \u041f\u0443\u044d\u0440 \u0421\u044f\u0433\u0443\u0430\u043d\u044c \u00ab\u0421\u044f\u043e \u0424\u0430 \u0422\u043e \u0427\u0430\u00bb", "action_flag": 1, "change_message": "[{\"added\": {}}]"}}, {"model": "admin.logentry", "pk": 7, "fields": {"action_time": "2019-12-06T18:57:24.722Z", "user": 1, "content_type": 10, "object_id": "5", "object_repr": "\u0426\u0437\u0438\u043d\u044c \u042f \u043f\u0443\u044d\u0440 \"\u0426\u0437\u0438\u043d\u044c \u0425\u0430\u043e \u0413\u0443\u043d \u0411\u0438\u043d\"", "action_flag": 1, "change_message": "[{\"added\": {}}]"}}, {"model": "admin.logentry", "pk": 8, "fields": {"action_time": "2019-12-06T19:22:21.871Z", "user": 1, "content_type": 10, "object_id": "3", "object_repr": "\u0411\u0430\u0439 \u0425\u0430\u043e \u0418\u043d\u044c \u0427\u0436\u0435\u043d\u044c", "action_flag": 3, "change_message": ""}}, {"model": "admin.logentry", "pk": 9, "fields": {"action_time": "2019-12-06T19:22:21.882Z", "user": 1, "content_type": 10, "object_id": "2", "object_repr": "\u041c\u043e\u043b\u043e\u0447\u043d\u044b\u0439 \u0443\u043b\u0443\u043d", "action_flag": 3, "change_message": ""}}, {"model": "admin.logentry", "pk": 10, "fields": {"action_time": "2019-12-06T19:22:21.893Z", "user": 1, "content_type": 10, "object_id": "5", "object_repr": "\u0426\u0437\u0438\u043d\u044c \u042f \u043f\u0443\u044d\u0440 \"\u0426\u0437\u0438\u043d\u044c \u0425\u0430\u043e \u0413\u0443\u043d \u0411\u0438\u043d\"", "action_flag": 3, "change_message": ""}}, {"model": "admin.logentry", "pk": 11, "fields": {"action_time": "2019-12-06T19:22:21.902Z", "user": 1, "content_type": 10, "object_id": "4", "object_repr": "\u0428\u0443 \u041f\u0443\u044d\u0440 \u0421\u044f\u0433\u0443\u0430\u043d\u044c \u00ab\u0421\u044f\u043e \u0424\u0430 \u0422\u043e \u0427\u0430\u00bb", "action_flag": 3, "change_message": ""}}, {"model": "admin.logentry", "pk": 12, "fields": {"action_time": "2019-12-06T19:29:04.643Z", "user": 1, "content_type": 10, "object_id": "6", "object_repr": "\u0411\u0430\u0439 \u0425\u0430\u043e \u0418\u043d\u044c \u0427\u0436\u0435\u043d\u044c", "action_flag": 1, "change_message": "[{\"added\": {}}]"}}, {"model": "admin.logentry", "pk": 13, "fields": {"action_time": "2019-12-06T19:31:33.453Z", "user": 1, "content_type": 10, "object_id": "7", "object_repr": "\u0413\u0430\u043e \u0421\u044f\u043e\u0444\u044d\u0439 (\u0413\u043e\u0440\u043d\u044b\u0439 \u0442\u0443\u043c\u0430\u043d)", "action_flag": 1, "change_message": "[{\"added\": {}}]"}}, {"model": "admin.logentry", "pk": 14, "fields": {"action_time": "2019-12-06T19:32:26.412Z", "user": 1, "content_type": 10, "object_id": "7", "object_repr": "\u0413\u0430\u043e \u0421\u044f\u043e\u0444\u044d\u0439 (\u0413\u043e\u0440\u043d\u044b\u0439 \u0442\u0443\u043c\u0430\u043d)", "action_flag": 3, "change_message": ""}}, {"model": "admin.logentry", "pk": 15, "fields": {"action_time": "2019-12-06T21:26:48.094Z", "user": 1, "content_type": 10, "object_id": "8", "object_repr": "\u0411\u0435\u043b\u044b\u0439 \u0447\u0430\u0439", "action_flag": 1, "change_message": "[{\"added\": {}}]"}}, {"model": "admin.logentry", "pk": 16, "fields": {"action_time": "2019-12-06T21:55:22.056Z", "user": 1, "content_type": 10, "object_id": "9", "object_repr": "\u0411\u0435\u043b\u044b\u0439 \u0447\u0430\u0439 \u0440\u0430\u0441\u0441\u044b\u043f\u043d\u043e\u0439", "action_flag": 1, "change_message": "[{\"added\": {}}]"}}, {"model": "admin.logentry", "pk": 17, "fields": {"action_time": "2019-12-14T19:25:11.870Z", "user": 1, "content_type": 7, "object_id": "6", "object_repr": "Order 6", "action_flag": 3, "change_message": ""}}, {"model": "admin.logentry", "pk": 18, "fields": {"action_time": "2019-12-14T19:25:11.893Z", "user": 1, "content_type": 7, "object_id": "5", "object_repr": "Order 5", "action_flag": 3, "change_message": ""}}, {"model": "admin.logentry", "pk": 19, "fields": {"action_time": "2019-12-14T19:25:11.916Z", "user": 1, "content_type": 7, "object_id": "4", "object_repr": "Order 4", "action_flag": 3, "change_message": ""}}, {"model": "admin.logentry", "pk": 20, "fields": {"action_time": "2019-12-14T19:25:51.412Z", "user": 1, "content_type": 9, "object_id": "3", "object_repr": "\u0418\u0433\u0440\u044b \u043d\u0430 \u043b\u0438\u043f\u0443\u0447\u043a\u0430\u0445", "action_flag": 1, "change_message": "[{\"added\": {}}]"}}, {"model": "admin.logentry", "pk": 21, "fields": {"action_time": "2019-12-16T20:41:33.432Z", "user": 1, "content_type": 7, "object_id": "13", "object_repr": "Order 13", "action_flag": 3, "change_message": ""}}, {"model": "admin.logentry", "pk": 22, "fields": {"action_time": "2019-12-16T20:41:33.460Z", "user": 1, "content_type": 7, "object_id": "12", "object_repr": "Order 12", "action_flag": 3, "change_message": ""}}, {"model": "admin.logentry", "pk": 23, "fields": {"action_time": "2019-12-16T20:41:33.479Z", "user": 1, "content_type": 7, "object_id": "11", "object_repr": "Order 11", "action_flag": 3, "change_message": ""}}, {"model": "admin.logentry", "pk": 24, "fields": {"action_time": "2019-12-16T20:42:01.686Z", "user": 1, "content_type": 7, "object_id": "9", "object_repr": "Order 9", "action_flag": 3, "change_message": ""}}, {"model": "admin.logentry", "pk": 25, "fields": {"action_time": "2019-12-16T20:42:01.710Z", "user": 1, "content_type": 7, "object_id": "8", "object_repr": "Order 8", "action_flag": 3, "change_message": ""}}, {"model": "admin.logentry", "pk": 26, "fields": {"action_time": "2019-12-16T20:42:01.746Z", "user": 1, "content_type": 7, "object_id": "7", "object_repr": "Order 7", "action_flag": 3, "change_message": ""}}, {"model": "admin.logentry", "pk": 27, "fields": {"action_time": "2019-12-16T20:42:01.766Z", "user": 1, "content_type": 7, "object_id": "3", "object_repr": "Order 3", "action_flag": 3, "change_message": ""}}, {"model": "admin.logentry", "pk": 28, "fields": {"action_time": "2019-12-16T20:42:01.782Z", "user": 1, "content_type": 7, "object_id": "2", "object_repr": "Order 2", "action_flag": 3, "change_message": ""}}, {"model": "admin.logentry", "pk": 29, "fields": {"action_time": "2019-12-16T20:42:01.802Z", "user": 1, "content_type": 7, "object_id": "1", "object_repr": "Order 1", "action_flag": 3, "change_message": ""}}, {"model": "admin.logentry", "pk": 30, "fields": {"action_time": "2019-12-17T12:12:42.404Z", "user": 1, "content_type": 11, "object_id": "4", "object_repr": "<Task: 910991ae-8942-4dc1-9ae9-078b6d73e799 (FAILURE)>", "action_flag": 3, "change_message": ""}}, {"model": "admin.logentry", "pk": 31, "fields": {"action_time": "2019-12-17T12:12:42.426Z", "user": 1, "content_type": 11, "object_id": "3", "object_repr": "<Task: 85564c28-5bb0-48f6-a327-99b40e8faeeb (FAILURE)>", "action_flag": 3, "change_message": ""}}, {"model": "admin.logentry", "pk": 32, "fields": {"action_time": "2019-12-17T12:12:42.450Z", "user": 1, "content_type": 11, "object_id": "2", "object_repr": "<Task: b7b4f65a-84c5-4b44-8e00-a5b63d1aa9d3 (FAILURE)>", "action_flag": 3, "change_message": ""}}, {"model": "admin.logentry", "pk": 33, "fields": {"action_time": "2019-12-17T12:12:42.469Z", "user": 1, "content_type": 11, "object_id": "1", "object_repr": "<Task: f4a01ae7-4cc6-43fc-9cac-13db803578a7 (FAILURE)>", "action_flag": 3, "change_message": ""}}, {"model": "admin.logentry", "pk": 34, "fields": {"action_time": "2019-12-17T12:13:18.786Z", "user": 1, "content_type": 7, "object_id": "14", "object_repr": "Order 14", "action_flag": 3, "change_message": ""}}, {"model": "admin.logentry", "pk": 35, "fields": {"action_time": "2019-12-17T16:15:49.472Z", "user": 1, "content_type": 10, "object_id": "10", "object_repr": "\u0418\u0433\u0440\u0430 - \"\u0414\u0438\u043a\u0438\u0435 \u0436\u0438\u0432\u043e\u0442\u043d\u044b\u0435\"", "action_flag": 1, "change_message": "[{\"added\": {}}]"}}, {"model": "admin.logentry", "pk": 36, "fields": {"action_time": "2019-12-17T16:18:15.860Z", "user": 1, "content_type": 10, "object_id": "11", "object_repr": "\u0418\u0433\u0440\u0430 - \"\u0424\u0435\u0440\u043c\u0430\"", "action_flag": 1, "change_message": "[{\"added\": {}}]"}}, {"model": "admin.logentry", "pk": 37, "fields": {"action_time": "2019-12-17T16:20:45.478Z", "user": 1, "content_type": 10, "object_id": "12", "object_repr": "\u0418\u0433\u0440\u0430 - \"\u041a\u0442\u043e \u0433\u0434\u0435 \u0436\u0438\u0432\u0451\u0442\"", "action_flag": 1, "change_message": "[{\"added\": {}}]"}}, {"model": "admin.logentry", "pk": 38, "fields": {"action_time": "2019-12-17T16:22:03.105Z", "user": 1, "content_type": 10, "object_id": "13", "object_repr": "\u0418\u0433\u0440\u0430 - \"\u0411\u043e\u043b\u044c\u0448\u043e\u0439 - \u043c\u0430\u043b\u0435\u043d\u044c\u043a\u0438\u0439\"", "action_flag": 1, "change_message": "[{\"added\": {}}]"}}, {"model": "admin.logentry", "pk": 39, "fields": {"action_time": "2019-12-17T16:23:28.124Z", "user": 1, "content_type": 10, "object_id": "14", "object_repr": "\u0418\u0433\u0440\u0430 - \"\u0414\u0438\u043a\u0438\u0435 \u0438 \u0434\u043e\u043c\u0430\u0448\u043d\u0438\u0435 \u0436\u0438\u0432\u043e\u0442\u043d\u044b\u0435\"", "action_flag": 1, "change_message": "[{\"added\": {}}]"}}, {"model": "admin.logentry", "pk": 40, "fields": {"action_time": "2019-12-17T16:25:11.302Z", "user": 1, "content_type": 10, "object_id": "15", "object_repr": "\u0418\u0433\u0440\u0430 - \"\u0412\u0440\u0435\u043c\u0435\u043d\u0430 \u0433\u043e\u0434\u0430\"", "action_flag": 1, "change_message": "[{\"added\": {}}]"}}, {"model": "admin.logentry", "pk": 41, "fields": {"action_time": "2019-12-17T16:26:36.682Z", "user": 1, "content_type": 10, "object_id": "16", "object_repr": "\u0418\u0433\u0440\u0430 - \"\u0411\u043e\u043b\u044c\u0448\u043e\u0439, \u0441\u0440\u0435\u0434\u043d\u0438\u0439, \u043c\u0430\u043b\u0435\u043d\u044c\u043a\u0438\u0439\"", "action_flag": 1, "change_message": "[{\"added\": {}}]"}}, {"model": "admin.logentry", "pk": 42, "fields": {"action_time": "2019-12-17T16:29:44.694Z", "user": 1, "content_type": 10, "object_id": "17", "object_repr": "\u0418\u0433\u0440\u0430 - \"\u041f\u043e\u043b\u043e\u0432\u0438\u043d\u043a\u0438\"", "action_flag": 1, "change_message": "[{\"added\": {}}]"}}, {"model": "admin.logentry", "pk": 43, "fields": {"action_time": "2019-12-17T16:34:02.595Z", "user": 1, "content_type": 10, "object_id": "18", "object_repr": "\u0418\u0433\u0440\u0430 - \"\u0426\u0432\u0435\u0442\u0430\"", "action_flag": 1, "change_message": "[{\"added\": {}}]"}}, {"model": "admin.logentry", "pk": 44, "fields": {"action_time": "2019-12-17T16:35:01.345Z", "user": 1, "content_type": 10, "object_id": "19", "object_repr": "\u041f\u0430\u0437\u043b - \"\u041c\u044b\u0448\u043a\u0438\"", "action_flag": 1, "change_message": "[{\"added\": {}}]"}}, {"model": "admin.logentry", "pk": 45, "fields": {"action_time": "2019-12-17T16:36:23.451Z", "user": 1, "content_type": 10, "object_id": "20", "object_repr": "\u0421\u043e\u0440\u0442\u0435\u0440 \u043d\u0430 \u043b\u0438\u043f\u0443\u0447\u043a\u0430\u0445 \u043f\u043e \u0446\u0432\u0435\u0442\u0430\u043c \u0438 \u0444\u0438\u0433\u0443\u0440\u0430\u043c", "action_flag": 1, "change_message": "[{\"added\": {}}]"}}, {"model": "admin.logentry", "pk": 46, "fields": {"action_time": "2019-12-17T16:39:18.328Z", "user": 1, "content_type": 10, "object_id": "21", "object_repr": "\u0418\u0433\u0440\u0430  -\"\u0423\u0433\u0430\u0434\u0430\u0439 \u0436\u0438\u0432\u043e\u0442\u043d\u043e\u0435\"", "action_flag": 1, "change_message": "[{\"added\": {}}]"}}, {"model": "admin.logentry", "pk": 47, "fields": {"action_time": "2019-12-17T16:41:31.005Z", "user": 1, "content_type": 10, "object_id": "22", "object_repr": "\u0418\u0433\u0440\u0430 - \"\u041a\u0442\u043e \u0447\u0442\u043e \u0435\u0441\u0442\"", "action_flag": 1, "change_message": "[{\"added\": {}}]"}}, {"model": "admin.logentry", "pk": 48, "fields": {"action_time": "2019-12-17T16:42:32.832Z", "user": 1, "content_type": 10, "object_id": "23", "object_repr": "\u0418\u0433\u0440\u0430 - \"\u0417\u0438\u043c\u043d\u0438\u0435 \u0437\u0430\u0431\u0430\u0432\u044b\"", "action_flag": 1, "change_message": "[{\"added\": {}}]"}}, {"model": "admin.logentry", "pk": 49, "fields": {"action_time": "2019-12-17T16:44:26.381Z", "user": 1, "content_type": 10, "object_id": "24", "object_repr": "\u0418\u0433\u0440\u04302 - \"\u0411\u043e\u043b\u044c\u0448\u043e\u0439, \u0441\u0440\u0435\u0434\u043d\u0438\u0439, \u043c\u0430\u043b\u0435\u043d\u044c\u043a\u0438\u0439\"", "action_flag": 1, "change_message": "[{\"added\": {}}]"}}, {"model": "admin.logentry", "pk": 50, "fields": {"action_time": "2019-12-17T16:46:39.069Z", "user": 1, "content_type": 10, "object_id": "25", "object_repr": "\u0418\u0433\u0440\u0430 - \"\u0421\u043e\u0440\u0442\u0435\u0440 \u043f\u043e \u0446\u0432\u0435\u0442\u0430\u043c\"", "action_flag": 1, "change_message": "[{\"added\": {}}]"}}, {"model": "admin.logentry", "pk": 51, "fields": {"action_time": "2019-12-17T16:48:01.614Z", "user": 1, "content_type": 10, "object_id": "26", "object_repr": "\u0418\u0433\u0440\u04302 - \"\u0421\u043e\u0440\u0442\u0435\u0440 \u043f\u043e \u0446\u0432\u0435\u0442\u0430\u043c\"", "action_flag": 1, "change_message": "[{\"added\": {}}]"}}, {"model": "admin.logentry", "pk": 52, "fields": {"action_time": "2019-12-17T16:52:02.491Z", "user": 1, "content_type": 7, "object_id": "18", "object_repr": "Order 18", "action_flag": 3, "change_message": ""}}, {"model": "admin.logentry", "pk": 53, "fields": {"action_time": "2019-12-17T16:52:02.501Z", "user": 1, "content_type": 7, "object_id": "17", "object_repr": "Order 17", "action_flag": 3, "change_message": ""}}, {"model": "admin.logentry", "pk": 54, "fields": {"action_time": "2019-12-17T16:52:02.510Z", "user": 1, "content_type": 7, "object_id": "16", "object_repr": "Order 16", "action_flag": 3, "change_message": ""}}, {"model": "admin.logentry", "pk": 55, "fields": {"action_time": "2019-12-17T16:52:02.520Z", "user": 1, "content_type": 7, "object_id": "15", "object_repr": "Order 15", "action_flag": 3, "change_message": ""}}, {"model": "admin.logentry", "pk": 56, "fields": {"action_time": "2019-12-17T16:52:02.530Z", "user": 1, "content_type": 7, "object_id": "10", "object_repr": "Order 10", "action_flag": 3, "change_message": ""}}, {"model": "admin.logentry", "pk": 57, "fields": {"action_time": "2019-12-17T16:52:33.906Z", "user": 1, "content_type": 10, "object_id": "6", "object_repr": "\u0411\u0430\u0439 \u0425\u0430\u043e \u0418\u043d\u044c \u0427\u0436\u0435\u043d\u044c", "action_flag": 3, "change_message": ""}}, {"model": "admin.logentry", "pk": 58, "fields": {"action_time": "2019-12-17T16:52:33.917Z", "user": 1, "content_type": 10, "object_id": "8", "object_repr": "\u0411\u0435\u043b\u044b\u0439 \u0447\u0430\u0439", "action_flag": 3, "change_message": ""}}, {"model": "admin.logentry", "pk": 59, "fields": {"action_time": "2019-12-17T16:52:33.926Z", "user": 1, "content_type": 10, "object_id": "9", "object_repr": "\u0411\u0435\u043b\u044b\u0439 \u0447\u0430\u0439 \u0440\u0430\u0441\u0441\u044b\u043f\u043d\u043e\u0439", "action_flag": 3, "change_message": ""}}, {"model": "admin.logentry", "pk": 60, "fields": {"action_time": "2019-12-17T16:52:33.934Z", "user": 1, "content_type": 10, "object_id": "1", "object_repr": "\u0427\u0430\u0439 \u0447\u0451\u0440\u043d\u044b\u0439", "action_flag": 3, "change_message": ""}}, {"model": "admin.logentry", "pk": 61, "fields": {"action_time": "2019-12-17T16:54:53.806Z", "user": 1, "content_type": 9, "object_id": "2", "object_repr": "Cofee", "action_flag": 3, "change_message": ""}}, {"model": "admin.logentry", "pk": 62, "fields": {"action_time": "2019-12-17T16:54:53.817Z", "user": 1, "content_type": 9, "object_id": "1", "object_repr": "Tea", "action_flag": 3, "change_message": ""}}, {"model": "admin.logentry", "pk": 63, "fields": {"action_time": "2019-12-17T16:55:04.014Z", "user": 1, "content_type": 9, "object_id": "4", "object_repr": "\u0414\u0435\u0442\u0441\u043a\u0438\u0435 \u0448\u043b\u044f\u043f\u044b", "action_flag": 1, "change_message": "[{\"added\": {}}]"}}, {"model": "admin.logentry", "pk": 64, "fields": {"action_time": "2019-12-17T16:55:32.744Z", "user": 1, "content_type": 9, "object_id": "5", "object_repr": "\u0414\u0435\u0442\u0441\u043a\u0430\u044f \u043e\u0434\u0435\u0436\u0434\u0430", "action_flag": 1, "change_message": "[{\"added\": {}}]"}}]